[debug] [2025-12-12T21:04:09.645Z] ----------------------------------------------------------------------
[debug] [2025-12-12T21:04:09.649Z] Command:       /nix/store/ws50yvm6vzlzf7jzz6n7xh4szddrack1-nodejs-20.19.1/bin/node /nix/store/c776mhyhgykcld7p90ajrka149ifn61a-firebase-tools-14.26.0/lib/node_modules/firebase-tools/lib/bin/firebase.js emulators:start
[debug] [2025-12-12T21:04:09.650Z] CLI Version:   14.26.0
[debug] [2025-12-12T21:04:09.650Z] Platform:      linux
[debug] [2025-12-12T21:04:09.650Z] Node Version:  v20.19.1
[debug] [2025-12-12T21:04:09.651Z] Time:          Fri Dec 12 2025 21:04:09 GMT+0000 (Coordinated Universal Time)
[debug] [2025-12-12T21:04:09.651Z] ----------------------------------------------------------------------
[debug] 
[debug] [2025-12-12T21:04:10.566Z] No OAuth tokens found
[debug] [2025-12-12T21:04:10.567Z] No OAuth tokens found
[error] Failed to fetch Firebase Project from current Studio Workspace: Unable to refresh auth: not yet authenticated.
[debug] [2025-12-12T21:04:10.575Z] > command requires scopes: ["email","openid","https://www.googleapis.com/auth/cloudplatformprojects.readonly","https://www.googleapis.com/auth/firebase","https://www.googleapis.com/auth/cloud-platform","https://www.googleapis.com/auth/userinfo.email"]
[debug] [2025-12-12T21:04:17.705Z] Running auto auth
[debug] [2025-12-12T21:04:18.143Z] openjdk version "21.0.7" 2025-04-15
OpenJDK Runtime Environment (build 21.0.7+6-nixos)
OpenJDK 64-Bit Server VM (build 21.0.7+6-nixos, mixed mode, sharing)

[debug] [2025-12-12T21:04:18.164Z] Parsed Java major version: 21
[info] i  emulators: Starting emulators: auth, firestore, hosting, storage {"metadata":{"emulator":{"name":"hub"},"message":"Starting emulators: auth, firestore, hosting, storage"}}
[warn] ⚠  hosting: The hosting emulator is configured but there is no hosting configuration. Have you run firebase init hosting? {"metadata":{"emulator":{"name":"hosting"},"message":"The hosting emulator is configured but there is no hosting configuration. Have you run firebase init hosting?"}}
[warn] ⚠  hub: Error when trying to check port 4400 on ::1: Error: listen EADDRNOTAVAIL: address not available ::1:4400 {"metadata":{"emulator":{"name":"hub"},"message":"Error when trying to check port 4400 on ::1: Error: listen EADDRNOTAVAIL: address not available ::1:4400"}}
[warn] ⚠  hub: Port 4400 is available on 127.0.0.1 but not ::1. This may cause issues with some clients. {"metadata":{"emulator":{"name":"hub"},"message":"Port 4400 is available on 127.0.0.1 but not ::1. This may cause issues with some clients."}}
[warn] ⚠  hub: If you encounter connectivity issues, consider switching to a different port or explicitly specifying "host": "<ip address>" instead of hostname in firebase.json {"metadata":{"emulator":{"name":"hub"},"message":"If you encounter connectivity issues, consider switching to a different port or explicitly specifying \"host\": \"<ip address>\" instead of hostname in firebase.json"}}
[warn] ⚠  ui: Error when trying to check port 4000 on ::1: Error: listen EADDRNOTAVAIL: address not available ::1:4000 {"metadata":{"emulator":{"name":"ui"},"message":"Error when trying to check port 4000 on ::1: Error: listen EADDRNOTAVAIL: address not available ::1:4000"}}
[warn] ⚠  ui: Port 4000 is available on 127.0.0.1 but not ::1. This may cause issues with some clients. {"metadata":{"emulator":{"name":"ui"},"message":"Port 4000 is available on 127.0.0.1 but not ::1. This may cause issues with some clients."}}
[warn] ⚠  ui: If you encounter connectivity issues, consider switching to a different port or explicitly specifying "host": "<ip address>" instead of hostname in firebase.json {"metadata":{"emulator":{"name":"ui"},"message":"If you encounter connectivity issues, consider switching to a different port or explicitly specifying \"host\": \"<ip address>\" instead of hostname in firebase.json"}}
[warn] ⚠  logging: Error when trying to check port 4500 on ::1: Error: listen EADDRNOTAVAIL: address not available ::1:4500 {"metadata":{"emulator":{"name":"logging"},"message":"Error when trying to check port 4500 on ::1: Error: listen EADDRNOTAVAIL: address not available ::1:4500"}}
[warn] ⚠  logging: Port 4500 is available on 127.0.0.1 but not ::1. This may cause issues with some clients. {"metadata":{"emulator":{"name":"logging"},"message":"Port 4500 is available on 127.0.0.1 but not ::1. This may cause issues with some clients."}}
[warn] ⚠  logging: If you encounter connectivity issues, consider switching to a different port or explicitly specifying "host": "<ip address>" instead of hostname in firebase.json {"metadata":{"emulator":{"name":"logging"},"message":"If you encounter connectivity issues, consider switching to a different port or explicitly specifying \"host\": \"<ip address>\" instead of hostname in firebase.json"}}
[debug] [2025-12-12T21:04:18.195Z] assigned listening specs for emulators {"user":{"auth":[{"address":"0.0.0.0","family":"IPv4","port":9099}],"firestore":[{"address":"0.0.0.0","family":"IPv4","port":8080}],"firestore.websocket":[{"address":"0.0.0.0","family":"IPv4","port":9150}],"storage":[{"address":"0.0.0.0","family":"IPv4","port":9199}],"hub":[{"address":"127.0.0.1","family":"IPv4","port":4400}],"ui":[{"address":"127.0.0.1","family":"IPv4","port":4000}],"logging":[{"address":"127.0.0.1","family":"IPv4","port":4500}]},"metadata":{"message":"assigned listening specs for emulators"}}
[debug] [2025-12-12T21:04:18.201Z] Emulator locator file path: /tmp/hub-captionizemobile.json
[warn] ⚠  emulators: It seems that you are running multiple instances of the emulator suite for project captionizemobile. This may result in unexpected behavior. 
[debug] [2025-12-12T21:04:18.202Z] [hub] writing locator at /tmp/hub-captionizemobile.json
[debug] [2025-12-12T21:04:18.225Z] Ignoring unsupported arg: auto_download {"metadata":{"emulator":{"name":"firestore"},"message":"Ignoring unsupported arg: auto_download"}}
[debug] [2025-12-12T21:04:18.227Z] Ignoring unsupported arg: single_project_mode_error {"metadata":{"emulator":{"name":"firestore"},"message":"Ignoring unsupported arg: single_project_mode_error"}}
[debug] [2025-12-12T21:04:18.227Z] Starting Firestore Emulator with command {"binary":"java","args":["-Dgoogle.cloud_firestore.debug_log_level=FINE","-Duser.language=en","-jar","/nix/store/53qihpgb9xq019hq0fdjlvs5avy06z6n-emulators/cloud-firestore-emulator-v1.19.8.jar","--host","0.0.0.0","--port",8080,"--websocket_port",9150,"--project_id","captionizemobile","--rules","/home/user/Captionize-Captionize-1/firestore.rules","--single_project_mode",true],"optionalArgs":["port","webchannel_port","host","rules","websocket_port","functions_emulator","seed_from_export","project_id","single_project_mode"],"joinArgs":false,"shell":false,"port":8080} {"metadata":{"emulator":{"name":"firestore"},"message":"Starting Firestore Emulator with command {\"binary\":\"java\",\"args\":[\"-Dgoogle.cloud_firestore.debug_log_level=FINE\",\"-Duser.language=en\",\"-jar\",\"/nix/store/53qihpgb9xq019hq0fdjlvs5avy06z6n-emulators/cloud-firestore-emulator-v1.19.8.jar\",\"--host\",\"0.0.0.0\",\"--port\",8080,\"--websocket_port\",9150,\"--project_id\",\"captionizemobile\",\"--rules\",\"/home/user/Captionize-Captionize-1/firestore.rules\",\"--single_project_mode\",true],\"optionalArgs\":[\"port\",\"webchannel_port\",\"host\",\"rules\",\"websocket_port\",\"functions_emulator\",\"seed_from_export\",\"project_id\",\"single_project_mode\"],\"joinArgs\":false,\"shell\":false,\"port\":8080}"}}
[info] i  firestore: Firestore Emulator logging to firestore-debug.log {"metadata":{"emulator":{"name":"firestore"},"message":"Firestore Emulator logging to firestore-debug.log"}}
[debug] [2025-12-12T21:04:20.561Z] Dec 12, 2025 9:04:20 PM com.google.cloud.datastore.emulator.firestore.websocket.WebSocketServer start
INFO: Started WebSocket server on ws://0.0.0.0:9150
 {"metadata":{"emulator":{"name":"firestore"},"message":"Dec 12, 2025 9:04:20 PM com.google.cloud.datastore.emulator.firestore.websocket.WebSocketServer start\nINFO: Started WebSocket server on ws://0.0.0.0:9150\n"}}
[debug] [2025-12-12T21:04:20.630Z] API endpoint: http://0.0.0.0:8080
If you are using a library that supports the FIRESTORE_EMULATOR_HOST environment variable, run:

   export FIRESTORE_EMULATOR_HOST=0.0.0.0:8080

If you are running a Firestore in Datastore Mode project, run:

   export DATASTORE_EMULATOR_HOST=0.0.0.0:8080

Note: Support for Datastore Mode is in preview. If you encounter any bugs please file at https://github.com/firebase/firebase-tools/issues.
Dev App Server is now running.

 {"metadata":{"emulator":{"name":"firestore"},"message":"API endpoint: http://0.0.0.0:8080\nIf you are using a library that supports the FIRESTORE_EMULATOR_HOST environment variable, run:\n\n   export FIRESTORE_EMULATOR_HOST=0.0.0.0:8080\n\nIf you are running a Firestore in Datastore Mode project, run:\n\n   export DATASTORE_EMULATOR_HOST=0.0.0.0:8080\n\nNote: Support for Datastore Mode is in preview. If you encounter any bugs please file at https://github.com/firebase/firebase-tools/issues.\nDev App Server is now running.\n\n"}}
[info] ✔  firestore: Firestore Emulator UI websocket is running on 9150. {"metadata":{"emulator":{"name":"firestore"},"message":"Firestore Emulator UI websocket is running on 9150."}}
[debug] [2025-12-12T21:04:39.941Z] Dec 12, 2025 9:04:24 PM io.grpc.netty.NettyServerTransport notifyTerminated
INFO: Transport failed
io.netty.handler.codec.http2.Http2Exception: Unexpected HTTP/1.x request: GET / 
	at io.netty.handler.codec.http2.Http2Exception.connectionError(Http2Exception.java:107)
	at io.netty.handler.codec.http2.Http2ConnectionHandler$PrefaceDecoder.readClientPrefaceString(Http2ConnectionHandler.java:315)
	at io.netty.handler.codec.http2.Http2ConnectionHandler$PrefaceDecoder.decode(Http2ConnectionHandler.java:245)
	at io.netty.handler.codec.http2.Http2ConnectionHandler.decode(Http2ConnectionHandler.java:451)
	at io.netty.handler.codec.ByteToMessageDecoder.decodeRemovalReentryProtection(ByteToMessageDecoder.java:530)
	at io.netty.handler.codec.ByteToMessageDecoder.callDecode(ByteToMessageDecoder.java:469)
	at io.netty.handler.codec.ByteToMessageDecoder.channelRead(ByteToMessageDecoder.java:290)
	at io.netty.channel.AbstractChannelHandlerContext.invokeChannelRead(AbstractChannelHandlerContext.java:444)
	at io.netty.channel.AbstractChannelHandlerContext.invokeChannelRead(AbstractChannelHandlerContext.java:420)
	at io.netty.channel.AbstractChannelHandlerContext.fireChannelRead(AbstractChannelHandlerContext.java:412)
	at io.netty.channel.DefaultChannelPipeline$HeadContext.channelRead(DefaultChannelPipeline.java:1407)
	at io.netty.channel.AbstractChannelHandlerContext.invokeChannelRead(AbstractChannelHandlerContext.java:440)
	at io.netty.channel.AbstractChannelHandlerContext.invokeChannelRead(AbstractChannelHandlerContext.java:420)
	at io.netty.channel.DefaultChannelPipeline.fireChannelRead(DefaultChannelPipeline.java:918)
	at io.netty.channel.nio.AbstractNioByteChannel$NioByteUnsafe.read(AbstractNioByteChannel.java:166)
	at io.netty.channel.nio.NioEventLoop.processSelectedKey(NioEventLoop.java:788)
	at io.netty.channel.nio.NioEventLoop.processSelectedKeysOptimized(NioEventLoop.java:724)
	at io.netty.channel.nio.NioEventLoop.processSelectedKeys(NioEventLoop.java:650)
	at io.netty.channel.nio.NioEventLoop.run(NioEventLoop.java:562)
	at io.netty.util.concurrent.SingleThreadEventExecutor$4.run(SingleThreadEventExecutor.java:994)
	at io.netty.util.internal.ThreadExecutorMap$2.run(ThreadExecutorMap.java:74)
	at io.netty.util.concurrent.FastThreadLocalRunnable.run(FastThreadLocalRunnable.java:30)
	at java.base/java.lang.Thread.run(Thread.java:1583)

Dec 12, 2025 9:04:25 PM io.grpc.netty.NettyServerTransport notifyTerminated
INFO: Transport failed
io.netty.handler.codec.http2.Http2Exception: HTTP/2 client preface string missing or corrupt. Hex dump for received bytes: 16030105a8010005a403030885f910d4c73d4cb1145020f6
	at io.netty.handler.codec.http2.Http2Exception.connectionError(Http2Exception.java:107)
	at io.netty.handler.codec.http2.Http2ConnectionHandler$PrefaceDecoder.readClientPrefaceString(Http2ConnectionHandler.java:319)
	at io.netty.handler.codec.http2.Http2ConnectionHandler$PrefaceDecoder.decode(Http2ConnectionHandler.java:245)
	at io.netty.handler.codec.http2.Http2ConnectionHandler.decode(Http2ConnectionHandler.java:451)
	at io.netty.handler.codec.ByteToMessageDecoder.decodeRemovalReentryProtection(ByteToMessageDecoder.java:530)
	at io.netty.handler.codec.ByteToMessageDecoder.callDecode(ByteToMessageDecoder.java:469)
	at io.netty.handler.codec.ByteToMessageDecoder.channelRead(ByteToMessageDecoder.java:290)
	at io.netty.channel.AbstractChannelHandlerContext.invokeChannelRead(AbstractChannelHandlerContext.java:444)
	at io.netty.channel.AbstractChannelHandlerContext.invokeChannelRead(AbstractChannelHandlerContext.java:420)
	at io.netty.channel.AbstractChannelHandlerContext.fireChannelRead(AbstractChannelHandlerContext.java:412)
	at io.netty.channel.DefaultChannelPipeline$HeadContext.channelRead(DefaultChannelPipeline.java:1407)
	at io.netty.channel.AbstractChannelHandlerContext.invokeChannelRead(AbstractChannelHandlerContext.java:440)
	at io.netty.channel.AbstractChannelHandlerContext.invokeChannelRead(AbstractChannelHandlerContext.java:420)
	at io.netty.channel.DefaultChannelPipeline.fireChannelRead(DefaultChannelPipeline.java:918)
	at io.netty.channel.nio.AbstractNioByteChannel$NioByteUnsafe.read(AbstractNioByteChannel.java:166)
	at io.netty.channel.nio.NioEventLoop.processSelectedKey(NioEventLoop.java:788)
	at io.netty.channel.nio.NioEventLoop.processSelectedKeysOptimized(NioEventLoop.java:724)
	at io.netty.channel.nio.NioEventLoop.processSelectedKeys(NioEventLoop.java:650)
	at io.netty.channel.nio.NioEventLoop.run(NioEventLoop.java:562)
	at io.netty.util.concurrent.SingleThreadEventExecutor$4.run(SingleThreadEventExecutor.java:994)
	at io.netty.util.internal.ThreadExecutorMap$2.run(ThreadExecutorMap.java:74)
	at io.netty.util.concurrent.FastThreadLocalRunnable.run(FastThreadLocalRunnable.java:30)
	at java.base/java.lang.Thread.run(Thread.java:1583)

 {"metadata":{"emulator":{"name":"firestore"},"message":"Dec 12, 2025 9:04:24 PM io.grpc.netty.NettyServerTransport notifyTerminated\nINFO: Transport failed\nio.netty.handler.codec.http2.Http2Exception: Unexpected HTTP/1.x request: GET / \n\tat io.netty.handler.codec.http2.Http2Exception.connectionError(Http2Exception.java:107)\n\tat io.netty.handler.codec.http2.Http2ConnectionHandler$PrefaceDecoder.readClientPrefaceString(Http2ConnectionHandler.java:315)\n\tat io.netty.handler.codec.http2.Http2ConnectionHandler$PrefaceDecoder.decode(Http2ConnectionHandler.java:245)\n\tat io.netty.handler.codec.http2.Http2ConnectionHandler.decode(Http2ConnectionHandler.java:451)\n\tat io.netty.handler.codec.ByteToMessageDecoder.decodeRemovalReentryProtection(ByteToMessageDecoder.java:530)\n\tat io.netty.handler.codec.ByteToMessageDecoder.callDecode(ByteToMessageDecoder.java:469)\n\tat io.netty.handler.codec.ByteToMessageDecoder.channelRead(ByteToMessageDecoder.java:290)\n\tat io.netty.channel.AbstractChannelHandlerContext.invokeChannelRead(AbstractChannelHandlerContext.java:444)\n\tat io.netty.channel.AbstractChannelHandlerContext.invokeChannelRead(AbstractChannelHandlerContext.java:420)\n\tat io.netty.channel.AbstractChannelHandlerContext.fireChannelRead(AbstractChannelHandlerContext.java:412)\n\tat io.netty.channel.DefaultChannelPipeline$HeadContext.channelRead(DefaultChannelPipeline.java:1407)\n\tat io.netty.channel.AbstractChannelHandlerContext.invokeChannelRead(AbstractChannelHandlerContext.java:440)\n\tat io.netty.channel.AbstractChannelHandlerContext.invokeChannelRead(AbstractChannelHandlerContext.java:420)\n\tat io.netty.channel.DefaultChannelPipeline.fireChannelRead(DefaultChannelPipeline.java:918)\n\tat io.netty.channel.nio.AbstractNioByteChannel$NioByteUnsafe.read(AbstractNioByteChannel.java:166)\n\tat io.netty.channel.nio.NioEventLoop.processSelectedKey(NioEventLoop.java:788)\n\tat io.netty.channel.nio.NioEventLoop.processSelectedKeysOptimized(NioEventLoop.java:724)\n\tat io.netty.channel.nio.NioEventLoop.processSelectedKeys(NioEventLoop.java:650)\n\tat io.netty.channel.nio.NioEventLoop.run(NioEventLoop.java:562)\n\tat io.netty.util.concurrent.SingleThreadEventExecutor$4.run(SingleThreadEventExecutor.java:994)\n\tat io.netty.util.internal.ThreadExecutorMap$2.run(ThreadExecutorMap.java:74)\n\tat io.netty.util.concurrent.FastThreadLocalRunnable.run(FastThreadLocalRunnable.java:30)\n\tat java.base/java.lang.Thread.run(Thread.java:1583)\n\nDec 12, 2025 9:04:25 PM io.grpc.netty.NettyServerTransport notifyTerminated\nINFO: Transport failed\nio.netty.handler.codec.http2.Http2Exception: HTTP/2 client preface string missing or corrupt. Hex dump for received bytes: 16030105a8010005a403030885f910d4c73d4cb1145020f6\n\tat io.netty.handler.codec.http2.Http2Exception.connectionError(Http2Exception.java:107)\n\tat io.netty.handler.codec.http2.Http2ConnectionHandler$PrefaceDecoder.readClientPrefaceString(Http2ConnectionHandler.java:319)\n\tat io.netty.handler.codec.http2.Http2ConnectionHandler$PrefaceDecoder.decode(Http2ConnectionHandler.java:245)\n\tat io.netty.handler.codec.http2.Http2ConnectionHandler.decode(Http2ConnectionHandler.java:451)\n\tat io.netty.handler.codec.ByteToMessageDecoder.decodeRemovalReentryProtection(ByteToMessageDecoder.java:530)\n\tat io.netty.handler.codec.ByteToMessageDecoder.callDecode(ByteToMessageDecoder.java:469)\n\tat io.netty.handler.codec.ByteToMessageDecoder.channelRead(ByteToMessageDecoder.java:290)\n\tat io.netty.channel.AbstractChannelHandlerContext.invokeChannelRead(AbstractChannelHandlerContext.java:444)\n\tat io.netty.channel.AbstractChannelHandlerContext.invokeChannelRead(AbstractChannelHandlerContext.java:420)\n\tat io.netty.channel.AbstractChannelHandlerContext.fireChannelRead(AbstractChannelHandlerContext.java:412)\n\tat io.netty.channel.DefaultChannelPipeline$HeadContext.channelRead(DefaultChannelPipeline.java:1407)\n\tat io.netty.channel.AbstractChannelHandlerContext.invokeChannelRead(AbstractChannelHandlerContext.java:440)\n\tat io.netty.channel.AbstractChannelHandlerContext.invokeChannelRead(AbstractChannelHandlerContext.java:420)\n\tat io.netty.channel.DefaultChannelPipeline.fireChannelRead(DefaultChannelPipeline.java:918)\n\tat io.netty.channel.nio.AbstractNioByteChannel$NioByteUnsafe.read(AbstractNioByteChannel.java:166)\n\tat io.netty.channel.nio.NioEventLoop.processSelectedKey(NioEventLoop.java:788)\n\tat io.netty.channel.nio.NioEventLoop.processSelectedKeysOptimized(NioEventLoop.java:724)\n\tat io.netty.channel.nio.NioEventLoop.processSelectedKeys(NioEventLoop.java:650)\n\tat io.netty.channel.nio.NioEventLoop.run(NioEventLoop.java:562)\n\tat io.netty.util.concurrent.SingleThreadEventExecutor$4.run(SingleThreadEventExecutor.java:994)\n\tat io.netty.util.internal.ThreadExecutorMap$2.run(ThreadExecutorMap.java:74)\n\tat io.netty.util.concurrent.FastThreadLocalRunnable.run(FastThreadLocalRunnable.java:30)\n\tat java.base/java.lang.Thread.run(Thread.java:1583)\n\n"}}
[debug] [2025-12-12T21:04:39.949Z] Ignoring unsupported arg: port {"metadata":{"emulator":{"name":"storage"},"message":"Ignoring unsupported arg: port"}}
[debug] [2025-12-12T21:04:41.840Z] Temp file directory for storage emulator: /tmp/firebase/storage/blobs {"metadata":{"emulator":{"name":"storage"},"message":"Temp file directory for storage emulator: /tmp/firebase/storage/blobs"}}
[debug] [2025-12-12T21:04:41.873Z] Could not find VSCode notification endpoint: FetchError: request to http://localhost:40001/vscode/notify failed, reason: connect ECONNREFUSED 127.0.0.1:40001. If you are not running the Firebase Data Connect VSCode extension, this is expected and not an issue.
[info] 
┌─────────────────────────────────────────────────────────────┐
│ ✔  All emulators ready! It is now safe to connect your app. │
│ i  View Emulator UI at http://127.0.0.1:4000/               │
└─────────────────────────────────────────────────────────────┘

┌────────────────┬──────────────────────────────────┬─────────────────────────────────┐
│ Emulator       │ Host:Port                        │ View in Emulator UI             │
├────────────────┼──────────────────────────────────┼─────────────────────────────────┤
│ Authentication │ 0.0.0.0:9099                     │ http://127.0.0.1:4000/auth      │
├────────────────┼──────────────────────────────────┼─────────────────────────────────┤
│ Firestore      │ 0.0.0.0:8080                     │ http://127.0.0.1:4000/firestore │
├────────────────┼──────────────────────────────────┼─────────────────────────────────┤
│ Hosting        │ Failed to initialize (see above) │                                 │
├────────────────┼──────────────────────────────────┼─────────────────────────────────┤
│ Storage        │ 0.0.0.0:9199                     │ http://127.0.0.1:4000/storage   │
└────────────────┴──────────────────────────────────┴─────────────────────────────────┘
  Emulator Hub host: 127.0.0.1 port: 4400
  Other reserved ports: 4500, 9150

Issues? Report them at https://github.com/firebase/firebase-tools/issues and attach the *-debug.log files.
 
[debug] [2025-12-12T21:05:33.113Z] Received signal SIGINT (Ctrl-C) 1
[info]  
[info] i  emulators: Received SIGINT (Ctrl-C) for the first time. Starting a clean shutdown. 
[info] i  emulators: Please wait for a clean shutdown or send the SIGINT (Ctrl-C) signal again to stop right now. 
[debug] [2025-12-12T21:05:33.120Z] Error: write EPIPE
    at afterWriteDispatched (node:internal/stream_base_commons:161:15)
    at writeGeneric (node:internal/stream_base_commons:152:3)
    at Socket._writeGeneric (node:net:958:11)
    at Socket._write (node:net:970:8)
    at writeOrBuffer (node:internal/streams/writable:572:12)
    at _write (node:internal/streams/writable:501:10)
    at Writable.write (node:internal/streams/writable:510:10)
    at Console.log (/nix/store/c776mhyhgykcld7p90ajrka149ifn61a-firebase-tools-14.26.0/lib/node_modules/firebase-tools/node_modules/winston/lib/winston/transports/console.js:79:23)
    at Console._write (/nix/store/c776mhyhgykcld7p90ajrka149ifn61a-firebase-tools-14.26.0/lib/node_modules/firebase-tools/node_modules/winston-transport/index.js:103:17)
    at doWrite (/nix/store/c776mhyhgykcld7p90ajrka149ifn61a-firebase-tools-14.26.0/lib/node_modules/firebase-tools/node_modules/winston-transport/node_modules/readable-stream/lib/_stream_writable.js:428:64)
[error] 
[error] Error: An unexpected error has occurred.
[debug] [2025-12-12T21:05:33.126Z] Error: write EPIPE
    at afterWriteDispatched (node:internal/stream_base_commons:161:15)
    at writeGeneric (node:internal/stream_base_commons:152:3)
    at Socket._writeGeneric (node:net:958:11)
    at Socket._write (node:net:970:8)
    at writeOrBuffer (node:internal/streams/writable:572:12)
    at _write (node:internal/streams/writable:501:10)
    at Writable.write (node:internal/streams/writable:510:10)
    at Console.log (/nix/store/c776mhyhgykcld7p90ajrka149ifn61a-firebase-tools-14.26.0/lib/node_modules/firebase-tools/node_modules/winston/lib/winston/transports/console.js:79:23)
    at Console._write (/nix/store/c776mhyhgykcld7p90ajrka149ifn61a-firebase-tools-14.26.0/lib/node_modules/firebase-tools/node_modules/winston-transport/index.js:103:17)
    at doWrite (/nix/store/c776mhyhgykcld7p90ajrka149ifn61a-firebase-tools-14.26.0/lib/node_modules/firebase-tools/node_modules/winston-transport/node_modules/readable-stream/lib/_stream_writable.js:428:64)
[error] 
[error] Error: An unexpected error has occurred.
[debug] [2025-12-12T21:05:33.128Z] Error: write EPIPE
    at afterWriteDispatched (node:internal/stream_base_commons:161:15)
    at writeGeneric (node:internal/stream_base_commons:152:3)
    at Socket._writeGeneric (node:net:958:11)
    at Socket._write (node:net:970:8)
    at writeOrBuffer (node:internal/streams/writable:572:12)
    at _write (node:internal/streams/writable:501:10)
    at Writable.write (node:internal/streams/writable:510:10)
    at Console.log (/nix/store/c776mhyhgykcld7p90ajrka149ifn61a-firebase-tools-14.26.0/lib/node_modules/firebase-tools/node_modules/winston/lib/winston/transports/console.js:79:23)
    at Console._write (/nix/store/c776mhyhgykcld7p90ajrka149ifn61a-firebase-tools-14.26.0/lib/node_modules/firebase-tools/node_modules/winston-transport/index.js:103:17)
    at doWrite (/nix/store/c776mhyhgykcld7p90ajrka149ifn61a-firebase-tools-14.26.0/lib/node_modules/firebase-tools/node_modules/winston-transport/node_modules/readable-stream/lib/_stream_writable.js:428:64)
[error] 
[error] Error: An unexpected error has occurred.
[debug] [2025-12-12T21:05:33.129Z] Error: write EPIPE
    at afterWriteDispatched (node:internal/stream_base_commons:161:15)
    at writeGeneric (node:internal/stream_base_commons:152:3)
    at Socket._writeGeneric (node:net:958:11)
    at Socket._write (node:net:970:8)
    at writeOrBuffer (node:internal/streams/writable:572:12)
    at _write (node:internal/streams/writable:501:10)
    at Writable.write (node:internal/streams/writable:510:10)
    at Console.log (/nix/store/c776mhyhgykcld7p90ajrka149ifn61a-firebase-tools-14.26.0/lib/node_modules/firebase-tools/node_modules/winston/lib/winston/transports/console.js:79:23)
    at Console._write (/nix/store/c776mhyhgykcld7p90ajrka149ifn61a-firebase-tools-14.26.0/lib/node_modules/firebase-tools/node_modules/winston-transport/index.js:103:17)
    at doWrite (/nix/store/c776mhyhgykcld7p90ajrka149ifn61a-firebase-tools-14.26.0/lib/node_modules/firebase-tools/node_modules/winston-transport/node_modules/readable-stream/lib/_stream_writable.js:428:64)
[error] 
[error] Error: An unexpected error has occurred.
[debug] [2025-12-12T21:05:33.131Z] Error: write EPIPE
    at afterWriteDispatched (node:internal/stream_base_commons:161:15)
    at writeGeneric (node:internal/stream_base_commons:152:3)
    at Socket._writeGeneric (node:net:958:11)
    at Socket._write (node:net:970:8)
    at writeOrBuffer (node:internal/streams/writable:572:12)
    at _write (node:internal/streams/writable:501:10)
    at Writable.write (node:internal/streams/writable:510:10)
    at Console.log (/nix/store/c776mhyhgykcld7p90ajrka149ifn61a-firebase-tools-14.26.0/lib/node_modules/firebase-tools/node_modules/winston/lib/winston/transports/console.js:79:23)
    at Console._write (/nix/store/c776mhyhgykcld7p90ajrka149ifn61a-firebase-tools-14.26.0/lib/node_modules/firebase-tools/node_modules/winston-transport/index.js:103:17)
    at doWrite (/nix/store/c776mhyhgykcld7p90ajrka149ifn61a-firebase-tools-14.26.0/lib/node_modules/firebase-tools/node_modules/winston-transport/node_modules/readable-stream/lib/_stream_writable.js:428:64)
[error] 
[error] Error: An unexpected error has occurred.
[debug] [2025-12-12T21:05:33.135Z] Error: write EPIPE
    at afterWriteDispatched (node:internal/stream_base_commons:161:15)
    at writeGeneric (node:internal/stream_base_commons:152:3)
    at Socket._writeGeneric (node:net:958:11)
    at Socket._write (node:net:970:8)
    at writeOrBuffer (node:internal/streams/writable:572:12)
    at _write (node:internal/streams/writable:501:10)
    at Writable.write (node:internal/streams/writable:510:10)
    at Console.log (/nix/store/c776mhyhgykcld7p90ajrka149ifn61a-firebase-tools-14.26.0/lib/node_modules/firebase-tools/node_modules/winston/lib/winston/transports/console.js:79:23)
    at Console._write (/nix/store/c776mhyhgykcld7p90ajrka149ifn61a-firebase-tools-14.26.0/lib/node_modules/firebase-tools/node_modules/winston-transport/index.js:103:17)
    at doWrite (/nix/store/c776mhyhgykcld7p90ajrka149ifn61a-firebase-tools-14.26.0/lib/node_modules/firebase-tools/node_modules/winston-transport/node_modules/readable-stream/lib/_stream_writable.js:428:64)
[error] 
[error] Error: An unexpected error has occurred.
[debug] [2025-12-12T21:05:33.136Z] Error: write EPIPE
    at afterWriteDispatched (node:internal/stream_base_commons:161:15)
    at writeGeneric (node:internal/stream_base_commons:152:3)
    at Socket._writeGeneric (node:net:958:11)
    at Socket._write (node:net:970:8)
    at writeOrBuffer (node:internal/streams/writable:572:12)
    at _write (node:internal/streams/writable:501:10)
    at Writable.write (node:internal/streams/writable:510:10)
    at Console.log (/nix/store/c776mhyhgykcld7p90ajrka149ifn61a-firebase-tools-14.26.0/lib/node_modules/firebase-tools/node_modules/winston/lib/winston/transports/console.js:79:23)
    at Console._write (/nix/store/c776mhyhgykcld7p90ajrka149ifn61a-firebase-tools-14.26.0/lib/node_modules/firebase-tools/node_modules/winston-transport/index.js:103:17)
    at doWrite (/nix/store/c776mhyhgykcld7p90ajrka149ifn61a-firebase-tools-14.26.0/lib/node_modules/firebase-tools/node_modules/winston-transport/node_modules/readable-stream/lib/_stream_writable.js:428:64)
[error] 
[error] Error: An unexpected error has occurred.
[debug] [2025-12-12T21:05:33.136Z] Error: write EPIPE
    at afterWriteDispatched (node:internal/stream_base_commons:161:15)
    at writeGeneric (node:internal/stream_base_commons:152:3)
    at Socket._writeGeneric (node:net:958:11)
    at Socket._write (node:net:970:8)
    at writeOrBuffer (node:internal/streams/writable:572:12)
    at _write (node:internal/streams/writable:501:10)
    at Writable.write (node:internal/streams/writable:510:10)
    at Console.log (/nix/store/c776mhyhgykcld7p90ajrka149ifn61a-firebase-tools-14.26.0/lib/node_modules/firebase-tools/node_modules/winston/lib/winston/transports/console.js:79:23)
    at Console._write (/nix/store/c776mhyhgykcld7p90ajrka149ifn61a-firebase-tools-14.26.0/lib/node_modules/firebase-tools/node_modules/winston-transport/index.js:103:17)
    at doWrite (/nix/store/c776mhyhgykcld7p90ajrka149ifn61a-firebase-tools-14.26.0/lib/node_modules/firebase-tools/node_modules/winston-transport/node_modules/readable-stream/lib/_stream_writable.js:428:64)
[error] 
[error] Error: An unexpected error has occurred.
[debug] [2025-12-12T21:05:33.137Z] Error: write EPIPE
    at afterWriteDispatched (node:internal/stream_base_commons:161:15)
    at writeGeneric (node:internal/stream_base_commons:152:3)
    at Socket._writeGeneric (node:net:958:11)
    at Socket._write (node:net:970:8)
    at writeOrBuffer (node:internal/streams/writable:572:12)
    at _write (node:internal/streams/writable:501:10)
    at Writable.write (node:internal/streams/writable:510:10)
    at Console.log (/nix/store/c776mhyhgykcld7p90ajrka149ifn61a-firebase-tools-14.26.0/lib/node_modules/firebase-tools/node_modules/winston/lib/winston/transports/console.js:79:23)
    at Console._write (/nix/store/c776mhyhgykcld7p90ajrka149ifn61a-firebase-tools-14.26.0/lib/node_modules/firebase-tools/node_modules/winston-transport/index.js:103:17)
    at doWrite (/nix/store/c776mhyhgykcld7p90ajrka149ifn61a-firebase-tools-14.26.0/lib/node_modules/firebase-tools/node_modules/winston-transport/node_modules/readable-stream/lib/_stream_writable.js:428:64)
[error] 
[error] Error: An unexpected error has occurred.
[debug] [2025-12-12T21:05:33.137Z] Error: write EPIPE
    at afterWriteDispatched (node:internal/stream_base_commons:161:15)
    at writeGeneric (node:internal/stream_base_commons:152:3)
    at Socket._writeGeneric (node:net:958:11)
    at Socket._write (node:net:970:8)
    at writeOrBuffer (node:internal/streams/writable:572:12)
    at _write (node:internal/streams/writable:501:10)
    at Writable.write (node:internal/streams/writable:510:10)
    at Console.log (/nix/store/c776mhyhgykcld7p90ajrka149ifn61a-firebase-tools-14.26.0/lib/node_modules/firebase-tools/node_modules/winston/lib/winston/transports/console.js:79:23)
    at Console._write (/nix/store/c776mhyhgykcld7p90ajrka149ifn61a-firebase-tools-14.26.0/lib/node_modules/firebase-tools/node_modules/winston-transport/index.js:103:17)
    at doWrite (/nix/store/c776mhyhgykcld7p90ajrka149ifn61a-firebase-tools-14.26.0/lib/node_modules/firebase-tools/node_modules/winston-transport/node_modules/readable-stream/lib/_stream_writable.js:428:64)
[error] 
[error] Error: An unexpected error has occurred.
[debug] [2025-12-12T21:05:33.138Z] Error: write EPIPE
    at afterWriteDispatched (node:internal/stream_base_commons:161:15)
    at writeGeneric (node:internal/stream_base_commons:152:3)
    at Socket._writeGeneric (node:net:958:11)
    at Socket._write (node:net:970:8)
    at writeOrBuffer (node:internal/streams/writable:572:12)
    at _write (node:internal/streams/writable:501:10)
    at Writable.write (node:internal/streams/writable:510:10)
    at Console.log (/nix/store/c776mhyhgykcld7p90ajrka149ifn61a-firebase-tools-14.26.0/lib/node_modules/firebase-tools/node_modules/winston/lib/winston/transports/console.js:79:23)
    at Console._write (/nix/store/c776mhyhgykcld7p90ajrka149ifn61a-firebase-tools-14.26.0/lib/node_modules/firebase-tools/node_modules/winston-transport/index.js:103:17)
    at doWrite (/nix/store/c776mhyhgykcld7p90ajrka149ifn61a-firebase-tools-14.26.0/lib/node_modules/firebase-tools/node_modules/winston-transport/node_modules/readable-stream/lib/_stream_writable.js:428:64)
[error] 
[error] Error: An unexpected error has occurred.
[debug] [2025-12-12T21:05:33.139Z] Error: write EPIPE
    at afterWriteDispatched (node:internal/stream_base_commons:161:15)
    at writeGeneric (node:internal/stream_base_commons:152:3)
    at Socket._writeGeneric (node:net:958:11)
    at Socket._write (node:net:970:8)
    at writeOrBuffer (node:internal/streams/writable:572:12)
    at _write (node:internal/streams/writable:501:10)
    at Writable.write (node:internal/streams/writable:510:10)
    at Console.log (/nix/store/c776mhyhgykcld7p90ajrka149ifn61a-firebase-tools-14.26.0/lib/node_modules/firebase-tools/node_modules/winston/lib/winston/transports/console.js:79:23)
    at Console._write (/nix/store/c776mhyhgykcld7p90ajrka149ifn61a-firebase-tools-14.26.0/lib/node_modules/firebase-tools/node_modules/winston-transport/index.js:103:17)
    at doWrite (/nix/store/c776mhyhgykcld7p90ajrka149ifn61a-firebase-tools-14.26.0/lib/node_modules/firebase-tools/node_modules/winston-transport/node_modules/readable-stream/lib/_stream_writable.js:428:64)
[error] 
[error] Error: An unexpected error has occurred.
[debug] [2025-12-12T21:05:33.139Z] Error: write EPIPE
    at afterWriteDispatched (node:internal/stream_base_commons:161:15)
    at writeGeneric (node:internal/stream_base_commons:152:3)
    at Socket._writeGeneric (node:net:958:11)
    at Socket._write (node:net:970:8)
    at writeOrBuffer (node:internal/streams/writable:572:12)
    at _write (node:internal/streams/writable:501:10)
    at Writable.write (node:internal/streams/writable:510:10)
    at Console.log (/nix/store/c776mhyhgykcld7p90ajrka149ifn61a-firebase-tools-14.26.0/lib/node_modules/firebase-tools/node_modules/winston/lib/winston/transports/console.js:79:23)
    at Console._write (/nix/store/c776mhyhgykcld7p90ajrka149ifn61a-firebase-tools-14.26.0/lib/node_modules/firebase-tools/node_modules/winston-transport/index.js:103:17)
    at doWrite (/nix/store/c776mhyhgykcld7p90ajrka149ifn61a-firebase-tools-14.26.0/lib/node_modules/firebase-tools/node_modules/winston-transport/node_modules/readable-stream/lib/_stream_writable.js:428:64)
[error] 
[error] Error: An unexpected error has occurred.
[debug] [2025-12-12T21:05:33.140Z] Error: write EPIPE
    at afterWriteDispatched (node:internal/stream_base_commons:161:15)
    at writeGeneric (node:internal/stream_base_commons:152:3)
    at Socket._writeGeneric (node:net:958:11)
    at Socket._write (node:net:970:8)
    at writeOrBuffer (node:internal/streams/writable:572:12)
    at _write (node:internal/streams/writable:501:10)
    at Writable.write (node:internal/streams/writable:510:10)
    at Console.log (/nix/store/c776mhyhgykcld7p90ajrka149ifn61a-firebase-tools-14.26.0/lib/node_modules/firebase-tools/node_modules/winston/lib/winston/transports/console.js:79:23)
    at Console._write (/nix/store/c776mhyhgykcld7p90ajrka149ifn61a-firebase-tools-14.26.0/lib/node_modules/firebase-tools/node_modules/winston-transport/index.js:103:17)
    at doWrite (/nix/store/c776mhyhgykcld7p90ajrka149ifn61a-firebase-tools-14.26.0/lib/node_modules/firebase-tools/node_modules/winston-transport/node_modules/readable-stream/lib/_stream_writable.js:428:64)
[error] 
[error] Error: An unexpected error has occurred.
[debug] [2025-12-12T21:05:33.141Z] Error: write EPIPE
    at afterWriteDispatched (node:internal/stream_base_commons:161:15)
    at writeGeneric (node:internal/stream_base_commons:152:3)
    at Socket._writeGeneric (node:net:958:11)
    at Socket._write (node:net:970:8)
    at writeOrBuffer (node:internal/streams/writable:572:12)
    at _write (node:internal/streams/writable:501:10)
    at Writable.write (node:internal/streams/writable:510:10)
    at Console.log (/nix/store/c776mhyhgykcld7p90ajrka149ifn61a-firebase-tools-14.26.0/lib/node_modules/firebase-tools/node_modules/winston/lib/winston/transports/console.js:79:23)
    at Console._write (/nix/store/c776mhyhgykcld7p90ajrka149ifn61a-firebase-tools-14.26.0/lib/node_modules/firebase-tools/node_modules/winston-transport/index.js:103:17)
    at doWrite (/nix/store/c776mhyhgykcld7p90ajrka149ifn61a-firebase-tools-14.26.0/lib/node_modules/firebase-tools/node_modules/winston-transport/node_modules/readable-stream/lib/_stream_writable.js:428:64)
[error] 
[error] Error: An unexpected error has occurred.
[debug] [2025-12-12T21:05:33.141Z] Error: write EPIPE
    at afterWriteDispatched (node:internal/stream_base_commons:161:15)
    at writeGeneric (node:internal/stream_base_commons:152:3)
    at Socket._writeGeneric (node:net:958:11)
    at Socket._write (node:net:970:8)
    at writeOrBuffer (node:internal/streams/writable:572:12)
    at _write (node:internal/streams/writable:501:10)
    at Writable.write (node:internal/streams/writable:510:10)
    at Console.log (/nix/store/c776mhyhgykcld7p90ajrka149ifn61a-firebase-tools-14.26.0/lib/node_modules/firebase-tools/node_modules/winston/lib/winston/transports/console.js:79:23)
    at Console._write (/nix/store/c776mhyhgykcld7p90ajrka149ifn61a-firebase-tools-14.26.0/lib/node_modules/firebase-tools/node_modules/winston-transport/index.js:103:17)
    at doWrite (/nix/store/c776mhyhgykcld7p90ajrka149ifn61a-firebase-tools-14.26.0/lib/node_modules/firebase-tools/node_modules/winston-transport/node_modules/readable-stream/lib/_stream_writable.js:428:64)
[error] 
[error] Error: An unexpected error has occurred.
[debug] [2025-12-12T21:05:33.143Z] Error: write EPIPE
    at afterWriteDispatched (node:internal/stream_base_commons:161:15)
    at writeGeneric (node:internal/stream_base_commons:152:3)
    at Socket._writeGeneric (node:net:958:11)
    at Socket._write (node:net:970:8)
    at writeOrBuffer (node:internal/streams/writable:572:12)
    at _write (node:internal/streams/writable:501:10)
    at Writable.write (node:internal/streams/writable:510:10)
    at Console.log (/nix/store/c776mhyhgykcld7p90ajrka149ifn61a-firebase-tools-14.26.0/lib/node_modules/firebase-tools/node_modules/winston/lib/winston/transports/console.js:79:23)
    at Console._write (/nix/store/c776mhyhgykcld7p90ajrka149ifn61a-firebase-tools-14.26.0/lib/node_modules/firebase-tools/node_modules/winston-transport/index.js:103:17)
    at doWrite (/nix/store/c776mhyhgykcld7p90ajrka149ifn61a-firebase-tools-14.26.0/lib/node_modules/firebase-tools/node_modules/winston-transport/node_modules/readable-stream/lib/_stream_writable.js:428:64)
[error] 
[error] Error: An unexpected error has occurred.
[debug] [2025-12-12T21:05:33.143Z] Error: write EPIPE
    at afterWriteDispatched (node:internal/stream_base_commons:161:15)
    at writeGeneric (node:internal/stream_base_commons:152:3)
    at Socket._writeGeneric (node:net:958:11)
    at Socket._write (node:net:970:8)
    at writeOrBuffer (node:internal/streams/writable:572:12)
    at _write (node:internal/streams/writable:501:10)
    at Writable.write (node:internal/streams/writable:510:10)
    at Console.log (/nix/store/c776mhyhgykcld7p90ajrka149ifn61a-firebase-tools-14.26.0/lib/node_modules/firebase-tools/node_modules/winston/lib/winston/transports/console.js:79:23)
    at Console._write (/nix/store/c776mhyhgykcld7p90ajrka149ifn61a-firebase-tools-14.26.0/lib/node_modules/firebase-tools/node_modules/winston-transport/index.js:103:17)
    at doWrite (/nix/store/c776mhyhgykcld7p90ajrka149ifn61a-firebase-tools-14.26.0/lib/node_modules/firebase-tools/node_modules/winston-transport/node_modules/readable-stream/lib/_stream_writable.js:428:64)
[error] 
[error] Error: An unexpected error has occurred.
[debug] [2025-12-12T21:05:33.146Z] Error: write EPIPE
    at afterWriteDispatched (node:internal/stream_base_commons:161:15)
    at writeGeneric (node:internal/stream_base_commons:152:3)
    at Socket._writeGeneric (node:net:958:11)
    at Socket._write (node:net:970:8)
    at writeOrBuffer (node:internal/streams/writable:572:12)
    at _write (node:internal/streams/writable:501:10)
    at Writable.write (node:internal/streams/writable:510:10)
    at Console.log (/nix/store/c776mhyhgykcld7p90ajrka149ifn61a-firebase-tools-14.26.0/lib/node_modules/firebase-tools/node_modules/winston/lib/winston/transports/console.js:79:23)
    at Console._write (/nix/store/c776mhyhgykcld7p90ajrka149ifn61a-firebase-tools-14.26.0/lib/node_modules/firebase-tools/node_modules/winston-transport/index.js:103:17)
    at doWrite (/nix/store/c776mhyhgykcld7p90ajrka149ifn61a-firebase-tools-14.26.0/lib/node_modules/firebase-tools/node_modules/winston-transport/node_modules/readable-stream/lib/_stream_writable.js:428:64)
[error] 
[error] Error: An unexpected error has occurred.
[debug] [2025-12-12T21:05:33.151Z] Error: write EPIPE
    at afterWriteDispatched (node:internal/stream_base_commons:161:15)
    at writeGeneric (node:internal/stream_base_commons:152:3)
    at Socket._writeGeneric (node:net:958:11)
    at Socket._write (node:net:970:8)
    at writeOrBuffer (node:internal/streams/writable:572:12)
    at _write (node:internal/streams/writable:501:10)
    at Writable.write (node:internal/streams/writable:510:10)
    at Console.log (/nix/store/c776mhyhgykcld7p90ajrka149ifn61a-firebase-tools-14.26.0/lib/node_modules/firebase-tools/node_modules/winston/lib/winston/transports/console.js:79:23)
    at Console._write (/nix/store/c776mhyhgykcld7p90ajrka149ifn61a-firebase-tools-14.26.0/lib/node_modules/firebase-tools/node_modules/winston-transport/index.js:103:17)
    at doWrite (/nix/store/c776mhyhgykcld7p90ajrka149ifn61a-firebase-tools-14.26.0/lib/node_modules/firebase-tools/node_modules/winston-transport/node_modules/readable-stream/lib/_stream_writable.js:428:64)
[error] 
[error] Error: An unexpected error has occurred.
[debug] [2025-12-12T21:05:33.152Z] Error: write EPIPE
    at afterWriteDispatched (node:internal/stream_base_commons:161:15)
    at writeGeneric (node:internal/stream_base_commons:152:3)
    at Socket._writeGeneric (node:net:958:11)
    at Socket._write (node:net:970:8)
    at writeOrBuffer (node:internal/streams/writable:572:12)
    at _write (node:internal/streams/writable:501:10)
    at Writable.write (node:internal/streams/writable:510:10)
    at Console.log (/nix/store/c776mhyhgykcld7p90ajrka149ifn61a-firebase-tools-14.26.0/lib/node_modules/firebase-tools/node_modules/winston/lib/winston/transports/console.js:79:23)
    at Console._write (/nix/store/c776mhyhgykcld7p90ajrka149ifn61a-firebase-tools-14.26.0/lib/node_modules/firebase-tools/node_modules/winston-transport/index.js:103:17)
    at doWrite (/nix/store/c776mhyhgykcld7p90ajrka149ifn61a-firebase-tools-14.26.0/lib/node_modules/firebase-tools/node_modules/winston-transport/node_modules/readable-stream/lib/_stream_writable.js:428:64)
[error] 
[error] Error: An unexpected error has occurred.
[debug] [2025-12-12T21:05:33.155Z] Error: write EPIPE
    at afterWriteDispatched (node:internal/stream_base_commons:161:15)
    at writeGeneric (node:internal/stream_base_commons:152:3)
    at Socket._writeGeneric (node:net:958:11)
    at Socket._write (node:net:970:8)
    at writeOrBuffer (node:internal/streams/writable:572:12)
    at _write (node:internal/streams/writable:501:10)
    at Writable.write (node:internal/streams/writable:510:10)
    at Console.log (/nix/store/c776mhyhgykcld7p90ajrka149ifn61a-firebase-tools-14.26.0/lib/node_modules/firebase-tools/node_modules/winston/lib/winston/transports/console.js:79:23)
    at Console._write (/nix/store/c776mhyhgykcld7p90ajrka149ifn61a-firebase-tools-14.26.0/lib/node_modules/firebase-tools/node_modules/winston-transport/index.js:103:17)
    at doWrite (/nix/store/c776mhyhgykcld7p90ajrka149ifn61a-firebase-tools-14.26.0/lib/node_modules/firebase-tools/node_modules/winston-transport/node_modules/readable-stream/lib/_stream_writable.js:428:64)
[error] 
[error] Error: An unexpected error has occurred.
[debug] [2025-12-12T21:05:33.156Z] Error: write EPIPE
    at afterWriteDispatched (node:internal/stream_base_commons:161:15)
    at writeGeneric (node:internal/stream_base_commons:152:3)
    at Socket._writeGeneric (node:net:958:11)
    at Socket._write (node:net:970:8)
    at writeOrBuffer (node:internal/streams/writable:572:12)
    at _write (node:internal/streams/writable:501:10)
    at Writable.write (node:internal/streams/writable:510:10)
    at Console.log (/nix/store/c776mhyhgykcld7p90ajrka149ifn61a-firebase-tools-14.26.0/lib/node_modules/firebase-tools/node_modules/winston/lib/winston/transports/console.js:79:23)
    at Console._write (/nix/store/c776mhyhgykcld7p90ajrka149ifn61a-firebase-tools-14.26.0/lib/node_modules/firebase-tools/node_modules/winston-transport/index.js:103:17)
    at doWrite (/nix/store/c776mhyhgykcld7p90ajrka149ifn61a-firebase-tools-14.26.0/lib/node_modules/firebase-tools/node_modules/winston-transport/node_modules/readable-stream/lib/_stream_writable.js:428:64)
[error] 
[error] Error: An unexpected error has occurred.
[debug] [2025-12-12T21:05:33.157Z] Error: write EPIPE
    at afterWriteDispatched (node:internal/stream_base_commons:161:15)
    at writeGeneric (node:internal/stream_base_commons:152:3)
    at Socket._writeGeneric (node:net:958:11)
    at Socket._write (node:net:970:8)
    at writeOrBuffer (node:internal/streams/writable:572:12)
    at _write (node:internal/streams/writable:501:10)
    at Writable.write (node:internal/streams/writable:510:10)
    at Console.log (/nix/store/c776mhyhgykcld7p90ajrka149ifn61a-firebase-tools-14.26.0/lib/node_modules/firebase-tools/node_modules/winston/lib/winston/transports/console.js:79:23)
    at Console._write (/nix/store/c776mhyhgykcld7p90ajrka149ifn61a-firebase-tools-14.26.0/lib/node_modules/firebase-tools/node_modules/winston-transport/index.js:103:17)
    at doWrite (/nix/store/c776mhyhgykcld7p90ajrka149ifn61a-firebase-tools-14.26.0/lib/node_modules/firebase-tools/node_modules/winston-transport/node_modules/readable-stream/lib/_stream_writable.js:428:64)
[error] 
[error] Error: An unexpected error has occurred.
[debug] [2025-12-12T21:05:33.158Z] Error: write EPIPE
    at afterWriteDispatched (node:internal/stream_base_commons:161:15)
    at writeGeneric (node:internal/stream_base_commons:152:3)
    at Socket._writeGeneric (node:net:958:11)
    at Socket._write (node:net:970:8)
    at writeOrBuffer (node:internal/streams/writable:572:12)
    at _write (node:internal/streams/writable:501:10)
    at Writable.write (node:internal/streams/writable:510:10)
    at Console.log (/nix/store/c776mhyhgykcld7p90ajrka149ifn61a-firebase-tools-14.26.0/lib/node_modules/firebase-tools/node_modules/winston/lib/winston/transports/console.js:79:23)
    at Console._write (/nix/store/c776mhyhgykcld7p90ajrka149ifn61a-firebase-tools-14.26.0/lib/node_modules/firebase-tools/node_modules/winston-transport/index.js:103:17)
    at doWrite (/nix/store/c776mhyhgykcld7p90ajrka149ifn61a-firebase-tools-14.26.0/lib/node_modules/firebase-tools/node_modules/winston-transport/node_modules/readable-stream/lib/_stream_writable.js:428:64)
[error] 
[error] Error: An unexpected error has occurred.
[debug] [2025-12-12T21:05:33.159Z] Error: write EPIPE
    at afterWriteDispatched (node:internal/stream_base_commons:161:15)
    at writeGeneric (node:internal/stream_base_commons:152:3)
    at Socket._writeGeneric (node:net:958:11)
    at Socket._write (node:net:970:8)
    at writeOrBuffer (node:internal/streams/writable:572:12)
    at _write (node:internal/streams/writable:501:10)
    at Writable.write (node:internal/streams/writable:510:10)
    at Console.log (/nix/store/c776mhyhgykcld7p90ajrka149ifn61a-firebase-tools-14.26.0/lib/node_modules/firebase-tools/node_modules/winston/lib/winston/transports/console.js:79:23)
    at Console._write (/nix/store/c776mhyhgykcld7p90ajrka149ifn61a-firebase-tools-14.26.0/lib/node_modules/firebase-tools/node_modules/winston-transport/index.js:103:17)
    at doWrite (/nix/store/c776mhyhgykcld7p90ajrka149ifn61a-firebase-tools-14.26.0/lib/node_modules/firebase-tools/node_modules/winston-transport/node_modules/readable-stream/lib/_stream_writable.js:428:64)
[error] 
[error] Error: An unexpected error has occurred.
[debug] [2025-12-12T21:05:33.160Z] Error: write EPIPE
    at afterWriteDispatched (node:internal/stream_base_commons:161:15)
    at writeGeneric (node:internal/stream_base_commons:152:3)
    at Socket._writeGeneric (node:net:958:11)
    at Socket._write (node:net:970:8)
    at writeOrBuffer (node:internal/streams/writable:572:12)
    at _write (node:internal/streams/writable:501:10)
    at Writable.write (node:internal/streams/writable:510:10)
    at Console.log (/nix/store/c776mhyhgykcld7p90ajrka149ifn61a-firebase-tools-14.26.0/lib/node_modules/firebase-tools/node_modules/winston/lib/winston/transports/console.js:79:23)
    at Console._write (/nix/store/c776mhyhgykcld7p90ajrka149ifn61a-firebase-tools-14.26.0/lib/node_modules/firebase-tools/node_modules/winston-transport/index.js:103:17)
    at doWrite (/nix/store/c776mhyhgykcld7p90ajrka149ifn61a-firebase-tools-14.26.0/lib/node_modules/firebase-tools/node_modules/winston-transport/node_modules/readable-stream/lib/_stream_writable.js:428:64)
[error] 
[error] Error: An unexpected error has occurred.
[debug] [2025-12-12T21:05:33.160Z] Error: write EPIPE
    at afterWriteDispatched (node:internal/stream_base_commons:161:15)
    at writeGeneric (node:internal/stream_base_commons:152:3)
    at Socket._writeGeneric (node:net:958:11)
    at Socket._write (node:net:970:8)
    at writeOrBuffer (node:internal/streams/writable:572:12)
    at _write (node:internal/streams/writable:501:10)
    at Writable.write (node:internal/streams/writable:510:10)
    at Console.log (/nix/store/c776mhyhgykcld7p90ajrka149ifn61a-firebase-tools-14.26.0/lib/node_modules/firebase-tools/node_modules/winston/lib/winston/transports/console.js:79:23)
    at Console._write (/nix/store/c776mhyhgykcld7p90ajrka149ifn61a-firebase-tools-14.26.0/lib/node_modules/firebase-tools/node_modules/winston-transport/index.js:103:17)
    at doWrite (/nix/store/c776mhyhgykcld7p90ajrka149ifn61a-firebase-tools-14.26.0/lib/node_modules/firebase-tools/node_modules/winston-transport/node_modules/readable-stream/lib/_stream_writable.js:428:64)
[error] 
[error] Error: An unexpected error has occurred.
[debug] [2025-12-12T21:05:33.161Z] Error: write EPIPE
    at afterWriteDispatched (node:internal/stream_base_commons:161:15)
    at writeGeneric (node:internal/stream_base_commons:152:3)
    at Socket._writeGeneric (node:net:958:11)
    at Socket._write (node:net:970:8)
    at writeOrBuffer (node:internal/streams/writable:572:12)
    at _write (node:internal/streams/writable:501:10)
    at Writable.write (node:internal/streams/writable:510:10)
    at Console.log (/nix/store/c776mhyhgykcld7p90ajrka149ifn61a-firebase-tools-14.26.0/lib/node_modules/firebase-tools/node_modules/winston/lib/winston/transports/console.js:79:23)
    at Console._write (/nix/store/c776mhyhgykcld7p90ajrka149ifn61a-firebase-tools-14.26.0/lib/node_modules/firebase-tools/node_modules/winston-transport/index.js:103:17)
    at doWrite (/nix/store/c776mhyhgykcld7p90ajrka149ifn61a-firebase-tools-14.26.0/lib/node_modules/firebase-tools/node_modules/winston-transport/node_modules/readable-stream/lib/_stream_writable.js:428:64)
[error] 
[error] Error: An unexpected error has occurred.
[debug] [2025-12-12T21:05:33.162Z] Error: write EPIPE
    at afterWriteDispatched (node:internal/stream_base_commons:161:15)
    at writeGeneric (node:internal/stream_base_commons:152:3)
    at Socket._writeGeneric (node:net:958:11)
    at Socket._write (node:net:970:8)
    at writeOrBuffer (node:internal/streams/writable:572:12)
    at _write (node:internal/streams/writable:501:10)
    at Writable.write (node:internal/streams/writable:510:10)
    at Console.log (/nix/store/c776mhyhgykcld7p90ajrka149ifn61a-firebase-tools-14.26.0/lib/node_modules/firebase-tools/node_modules/winston/lib/winston/transports/console.js:79:23)
    at Console._write (/nix/store/c776mhyhgykcld7p90ajrka149ifn61a-firebase-tools-14.26.0/lib/node_modules/firebase-tools/node_modules/winston-transport/index.js:103:17)
    at doWrite (/nix/store/c776mhyhgykcld7p90ajrka149ifn61a-firebase-tools-14.26.0/lib/node_modules/firebase-tools/node_modules/winston-transport/node_modules/readable-stream/lib/_stream_writable.js:428:64)
[error] 
[error] Error: An unexpected error has occurred.
[debug] [2025-12-12T21:05:33.162Z] Error: write EPIPE
    at afterWriteDispatched (node:internal/stream_base_commons:161:15)
    at writeGeneric (node:internal/stream_base_commons:152:3)
    at Socket._writeGeneric (node:net:958:11)
    at Socket._write (node:net:970:8)
    at writeOrBuffer (node:internal/streams/writable:572:12)
    at _write (node:internal/streams/writable:501:10)
    at Writable.write (node:internal/streams/writable:510:10)
    at Console.log (/nix/store/c776mhyhgykcld7p90ajrka149ifn61a-firebase-tools-14.26.0/lib/node_modules/firebase-tools/node_modules/winston/lib/winston/transports/console.js:79:23)
    at Console._write (/nix/store/c776mhyhgykcld7p90ajrka149ifn61a-firebase-tools-14.26.0/lib/node_modules/firebase-tools/node_modules/winston-transport/index.js:103:17)
    at doWrite (/nix/store/c776mhyhgykcld7p90ajrka149ifn61a-firebase-tools-14.26.0/lib/node_modules/firebase-tools/node_modules/winston-transport/node_modules/readable-stream/lib/_stream_writable.js:428:64)
[error] 
[error] Error: An unexpected error has occurred.
[debug] [2025-12-12T21:05:33.163Z] Error: write EPIPE
    at afterWriteDispatched (node:internal/stream_base_commons:161:15)
    at writeGeneric (node:internal/stream_base_commons:152:3)
    at Socket._writeGeneric (node:net:958:11)
    at Socket._write (node:net:970:8)
    at writeOrBuffer (node:internal/streams/writable:572:12)
    at _write (node:internal/streams/writable:501:10)
    at Writable.write (node:internal/streams/writable:510:10)
    at Console.log (/nix/store/c776mhyhgykcld7p90ajrka149ifn61a-firebase-tools-14.26.0/lib/node_modules/firebase-tools/node_modules/winston/lib/winston/transports/console.js:79:23)
    at Console._write (/nix/store/c776mhyhgykcld7p90ajrka149ifn61a-firebase-tools-14.26.0/lib/node_modules/firebase-tools/node_modules/winston-transport/index.js:103:17)
    at doWrite (/nix/store/c776mhyhgykcld7p90ajrka149ifn61a-firebase-tools-14.26.0/lib/node_modules/firebase-tools/node_modules/winston-transport/node_modules/readable-stream/lib/_stream_writable.js:428:64)
[error] 
[error] Error: An unexpected error has occurred.
[debug] [2025-12-12T21:05:33.164Z] Error: write EPIPE
    at afterWriteDispatched (node:internal/stream_base_commons:161:15)
    at writeGeneric (node:internal/stream_base_commons:152:3)
    at Socket._writeGeneric (node:net:958:11)
    at Socket._write (node:net:970:8)
    at writeOrBuffer (node:internal/streams/writable:572:12)
    at _write (node:internal/streams/writable:501:10)
    at Writable.write (node:internal/streams/writable:510:10)
    at Console.log (/nix/store/c776mhyhgykcld7p90ajrka149ifn61a-firebase-tools-14.26.0/lib/node_modules/firebase-tools/node_modules/winston/lib/winston/transports/console.js:79:23)
    at Console._write (/nix/store/c776mhyhgykcld7p90ajrka149ifn61a-firebase-tools-14.26.0/lib/node_modules/firebase-tools/node_modules/winston-transport/index.js:103:17)
    at doWrite (/nix/store/c776mhyhgykcld7p90ajrka149ifn61a-firebase-tools-14.26.0/lib/node_modules/firebase-tools/node_modules/winston-transport/node_modules/readable-stream/lib/_stream_writable.js:428:64)
[error] 
[error] Error: An unexpected error has occurred.
[debug] [2025-12-12T21:05:33.165Z] Error: write EPIPE
    at afterWriteDispatched (node:internal/stream_base_commons:161:15)
    at writeGeneric (node:internal/stream_base_commons:152:3)
    at Socket._writeGeneric (node:net:958:11)
    at Socket._write (node:net:970:8)
    at writeOrBuffer (node:internal/streams/writable:572:12)
    at _write (node:internal/streams/writable:501:10)
    at Writable.write (node:internal/streams/writable:510:10)
    at Console.log (/nix/store/c776mhyhgykcld7p90ajrka149ifn61a-firebase-tools-14.26.0/lib/node_modules/firebase-tools/node_modules/winston/lib/winston/transports/console.js:79:23)
    at Console._write (/nix/store/c776mhyhgykcld7p90ajrka149ifn61a-firebase-tools-14.26.0/lib/node_modules/firebase-tools/node_modules/winston-transport/index.js:103:17)
    at doWrite (/nix/store/c776mhyhgykcld7p90ajrka149ifn61a-firebase-tools-14.26.0/lib/node_modules/firebase-tools/node_modules/winston-transport/node_modules/readable-stream/lib/_stream_writable.js:428:64)
[error] 
[error] Error: An unexpected error has occurred.
[debug] [2025-12-12T21:05:33.166Z] Error: write EPIPE
    at afterWriteDispatched (node:internal/stream_base_commons:161:15)
    at writeGeneric (node:internal/stream_base_commons:152:3)
    at Socket._writeGeneric (node:net:958:11)
    at Socket._write (node:net:970:8)
    at writeOrBuffer (node:internal/streams/writable:572:12)
    at _write (node:internal/streams/writable:501:10)
    at Writable.write (node:internal/streams/writable:510:10)
    at Console.log (/nix/store/c776mhyhgykcld7p90ajrka149ifn61a-firebase-tools-14.26.0/lib/node_modules/firebase-tools/node_modules/winston/lib/winston/transports/console.js:79:23)
    at Console._write (/nix/store/c776mhyhgykcld7p90ajrka149ifn61a-firebase-tools-14.26.0/lib/node_modules/firebase-tools/node_modules/winston-transport/index.js:103:17)
    at doWrite (/nix/store/c776mhyhgykcld7p90ajrka149ifn61a-firebase-tools-14.26.0/lib/node_modules/firebase-tools/node_modules/winston-transport/node_modules/readable-stream/lib/_stream_writable.js:428:64)
[error] 
[error] Error: An unexpected error has occurred.
[debug] [2025-12-12T21:05:33.166Z] Error: write EPIPE
    at afterWriteDispatched (node:internal/stream_base_commons:161:15)
    at writeGeneric (node:internal/stream_base_commons:152:3)
    at Socket._writeGeneric (node:net:958:11)
    at Socket._write (node:net:970:8)
    at writeOrBuffer (node:internal/streams/writable:572:12)
    at _write (node:internal/streams/writable:501:10)
    at Writable.write (node:internal/streams/writable:510:10)
    at Console.log (/nix/store/c776mhyhgykcld7p90ajrka149ifn61a-firebase-tools-14.26.0/lib/node_modules/firebase-tools/node_modules/winston/lib/winston/transports/console.js:79:23)
    at Console._write (/nix/store/c776mhyhgykcld7p90ajrka149ifn61a-firebase-tools-14.26.0/lib/node_modules/firebase-tools/node_modules/winston-transport/index.js:103:17)
    at doWrite (/nix/store/c776mhyhgykcld7p90ajrka149ifn61a-firebase-tools-14.26.0/lib/node_modules/firebase-tools/node_modules/winston-transport/node_modules/readable-stream/lib/_stream_writable.js:428:64)
[error] 
[error] Error: An unexpected error has occurred.
[debug] [2025-12-12T21:05:33.167Z] Error: write EPIPE
    at afterWriteDispatched (node:internal/stream_base_commons:161:15)
    at writeGeneric (node:internal/stream_base_commons:152:3)
    at Socket._writeGeneric (node:net:958:11)
    at Socket._write (node:net:970:8)
    at writeOrBuffer (node:internal/streams/writable:572:12)
    at _write (node:internal/streams/writable:501:10)
    at Writable.write (node:internal/streams/writable:510:10)
    at Console.log (/nix/store/c776mhyhgykcld7p90ajrka149ifn61a-firebase-tools-14.26.0/lib/node_modules/firebase-tools/node_modules/winston/lib/winston/transports/console.js:79:23)
    at Console._write (/nix/store/c776mhyhgykcld7p90ajrka149ifn61a-firebase-tools-14.26.0/lib/node_modules/firebase-tools/node_modules/winston-transport/index.js:103:17)
    at doWrite (/nix/store/c776mhyhgykcld7p90ajrka149ifn61a-firebase-tools-14.26.0/lib/node_modules/firebase-tools/node_modules/winston-transport/node_modules/readable-stream/lib/_stream_writable.js:428:64)
[error] 
[error] Error: An unexpected error has occurred.
[debug] [2025-12-12T21:05:33.168Z] Error: write EPIPE
    at afterWriteDispatched (node:internal/stream_base_commons:161:15)
    at writeGeneric (node:internal/stream_base_commons:152:3)
    at Socket._writeGeneric (node:net:958:11)
    at Socket._write (node:net:970:8)
    at writeOrBuffer (node:internal/streams/writable:572:12)
    at _write (node:internal/streams/writable:501:10)
    at Writable.write (node:internal/streams/writable:510:10)
    at Console.log (/nix/store/c776mhyhgykcld7p90ajrka149ifn61a-firebase-tools-14.26.0/lib/node_modules/firebase-tools/node_modules/winston/lib/winston/transports/console.js:79:23)
    at Console._write (/nix/store/c776mhyhgykcld7p90ajrka149ifn61a-firebase-tools-14.26.0/lib/node_modules/firebase-tools/node_modules/winston-transport/index.js:103:17)
    at doWrite (/nix/store/c776mhyhgykcld7p90ajrka149ifn61a-firebase-tools-14.26.0/lib/node_modules/firebase-tools/node_modules/winston-transport/node_modules/readable-stream/lib/_stream_writable.js:428:64)
[error] 
[error] Error: An unexpected error has occurred.
[debug] [2025-12-12T21:05:33.169Z] Error: write EPIPE
    at afterWriteDispatched (node:internal/stream_base_commons:161:15)
    at writeGeneric (node:internal/stream_base_commons:152:3)
    at Socket._writeGeneric (node:net:958:11)
    at Socket._write (node:net:970:8)
    at writeOrBuffer (node:internal/streams/writable:572:12)
    at _write (node:internal/streams/writable:501:10)
    at Writable.write (node:internal/streams/writable:510:10)
    at Console.log (/nix/store/c776mhyhgykcld7p90ajrka149ifn61a-firebase-tools-14.26.0/lib/node_modules/firebase-tools/node_modules/winston/lib/winston/transports/console.js:79:23)
    at Console._write (/nix/store/c776mhyhgykcld7p90ajrka149ifn61a-firebase-tools-14.26.0/lib/node_modules/firebase-tools/node_modules/winston-transport/index.js:103:17)
    at doWrite (/nix/store/c776mhyhgykcld7p90ajrka149ifn61a-firebase-tools-14.26.0/lib/node_modules/firebase-tools/node_modules/winston-transport/node_modules/readable-stream/lib/_stream_writable.js:428:64)
[error] 
[error] Error: An unexpected error has occurred.
[debug] [2025-12-12T21:05:33.170Z] Error: write EPIPE
    at afterWriteDispatched (node:internal/stream_base_commons:161:15)
    at writeGeneric (node:internal/stream_base_commons:152:3)
    at Socket._writeGeneric (node:net:958:11)
    at Socket._write (node:net:970:8)
    at writeOrBuffer (node:internal/streams/writable:572:12)
    at _write (node:internal/streams/writable:501:10)
    at Writable.write (node:internal/streams/writable:510:10)
    at Console.log (/nix/store/c776mhyhgykcld7p90ajrka149ifn61a-firebase-tools-14.26.0/lib/node_modules/firebase-tools/node_modules/winston/lib/winston/transports/console.js:79:23)
    at Console._write (/nix/store/c776mhyhgykcld7p90ajrka149ifn61a-firebase-tools-14.26.0/lib/node_modules/firebase-tools/node_modules/winston-transport/index.js:103:17)
    at doWrite (/nix/store/c776mhyhgykcld7p90ajrka149ifn61a-firebase-tools-14.26.0/lib/node_modules/firebase-tools/node_modules/winston-transport/node_modules/readable-stream/lib/_stream_writable.js:428:64)
[error] 
[error] Error: An unexpected error has occurred.
[debug] [2025-12-12T21:05:33.170Z] Error: write EPIPE
    at afterWriteDispatched (node:internal/stream_base_commons:161:15)
    at writeGeneric (node:internal/stream_base_commons:152:3)
    at Socket._writeGeneric (node:net:958:11)
    at Socket._write (node:net:970:8)
    at writeOrBuffer (node:internal/streams/writable:572:12)
    at _write (node:internal/streams/writable:501:10)
    at Writable.write (node:internal/streams/writable:510:10)
    at Console.log (/nix/store/c776mhyhgykcld7p90ajrka149ifn61a-firebase-tools-14.26.0/lib/node_modules/firebase-tools/node_modules/winston/lib/winston/transports/console.js:79:23)
    at Console._write (/nix/store/c776mhyhgykcld7p90ajrka149ifn61a-firebase-tools-14.26.0/lib/node_modules/firebase-tools/node_modules/winston-transport/index.js:103:17)
    at doWrite (/nix/store/c776mhyhgykcld7p90ajrka149ifn61a-firebase-tools-14.26.0/lib/node_modules/firebase-tools/node_modules/winston-transport/node_modules/readable-stream/lib/_stream_writable.js:428:64)
[error] 
[error] Error: An unexpected error has occurred.
[debug] [2025-12-12T21:05:33.171Z] Error: write EPIPE
    at afterWriteDispatched (node:internal/stream_base_commons:161:15)
    at writeGeneric (node:internal/stream_base_commons:152:3)
    at Socket._writeGeneric (node:net:958:11)
    at Socket._write (node:net:970:8)
    at writeOrBuffer (node:internal/streams/writable:572:12)
    at _write (node:internal/streams/writable:501:10)
    at Writable.write (node:internal/streams/writable:510:10)
    at Console.log (/nix/store/c776mhyhgykcld7p90ajrka149ifn61a-firebase-tools-14.26.0/lib/node_modules/firebase-tools/node_modules/winston/lib/winston/transports/console.js:79:23)
    at Console._write (/nix/store/c776mhyhgykcld7p90ajrka149ifn61a-firebase-tools-14.26.0/lib/node_modules/firebase-tools/node_modules/winston-transport/index.js:103:17)
    at doWrite (/nix/store/c776mhyhgykcld7p90ajrka149ifn61a-firebase-tools-14.26.0/lib/node_modules/firebase-tools/node_modules/winston-transport/node_modules/readable-stream/lib/_stream_writable.js:428:64)
[error] 
[error] Error: An unexpected error has occurred.
[debug] [2025-12-12T21:05:33.172Z] Error: write EPIPE
    at afterWriteDispatched (node:internal/stream_base_commons:161:15)
    at writeGeneric (node:internal/stream_base_commons:152:3)
    at Socket._writeGeneric (node:net:958:11)
    at Socket._write (node:net:970:8)
    at writeOrBuffer (node:internal/streams/writable:572:12)
    at _write (node:internal/streams/writable:501:10)
    at Writable.write (node:internal/streams/writable:510:10)
    at Console.log (/nix/store/c776mhyhgykcld7p90ajrka149ifn61a-firebase-tools-14.26.0/lib/node_modules/firebase-tools/node_modules/winston/lib/winston/transports/console.js:79:23)
    at Console._write (/nix/store/c776mhyhgykcld7p90ajrka149ifn61a-firebase-tools-14.26.0/lib/node_modules/firebase-tools/node_modules/winston-transport/index.js:103:17)
    at doWrite (/nix/store/c776mhyhgykcld7p90ajrka149ifn61a-firebase-tools-14.26.0/lib/node_modules/firebase-tools/node_modules/winston-transport/node_modules/readable-stream/lib/_stream_writable.js:428:64)
[error] 
[error] Error: An unexpected error has occurred.
[debug] [2025-12-12T21:05:33.174Z] Error: write EPIPE
    at afterWriteDispatched (node:internal/stream_base_commons:161:15)
    at writeGeneric (node:internal/stream_base_commons:152:3)
    at Socket._writeGeneric (node:net:958:11)
    at Socket._write (node:net:970:8)
    at writeOrBuffer (node:internal/streams/writable:572:12)
    at _write (node:internal/streams/writable:501:10)
    at Writable.write (node:internal/streams/writable:510:10)
    at Console.log (/nix/store/c776mhyhgykcld7p90ajrka149ifn61a-firebase-tools-14.26.0/lib/node_modules/firebase-tools/node_modules/winston/lib/winston/transports/console.js:79:23)
    at Console._write (/nix/store/c776mhyhgykcld7p90ajrka149ifn61a-firebase-tools-14.26.0/lib/node_modules/firebase-tools/node_modules/winston-transport/index.js:103:17)
    at doWrite (/nix/store/c776mhyhgykcld7p90ajrka149ifn61a-firebase-tools-14.26.0/lib/node_modules/firebase-tools/node_modules/winston-transport/node_modules/readable-stream/lib/_stream_writable.js:428:64)
[error] 
[error] Error: An unexpected error has occurred.
[debug] [2025-12-12T21:05:33.174Z] Error: write EPIPE
    at afterWriteDispatched (node:internal/stream_base_commons:161:15)
    at writeGeneric (node:internal/stream_base_commons:152:3)
    at Socket._writeGeneric (node:net:958:11)
    at Socket._write (node:net:970:8)
    at writeOrBuffer (node:internal/streams/writable:572:12)
    at _write (node:internal/streams/writable:501:10)
    at Writable.write (node:internal/streams/writable:510:10)
    at Console.log (/nix/store/c776mhyhgykcld7p90ajrka149ifn61a-firebase-tools-14.26.0/lib/node_modules/firebase-tools/node_modules/winston/lib/winston/transports/console.js:79:23)
    at Console._write (/nix/store/c776mhyhgykcld7p90ajrka149ifn61a-firebase-tools-14.26.0/lib/node_modules/firebase-tools/node_modules/winston-transport/index.js:103:17)
    at doWrite (/nix/store/c776mhyhgykcld7p90ajrka149ifn61a-firebase-tools-14.26.0/lib/node_modules/firebase-tools/node_modules/winston-transport/node_modules/readable-stream/lib/_stream_writable.js:428:64)
[error] 
[error] Error: An unexpected error has occurred.
[debug] [2025-12-12T21:05:33.175Z] Error: write EPIPE
    at afterWriteDispatched (node:internal/stream_base_commons:161:15)
    at writeGeneric (node:internal/stream_base_commons:152:3)
    at Socket._writeGeneric (node:net:958:11)
    at Socket._write (node:net:970:8)
    at writeOrBuffer (node:internal/streams/writable:572:12)
    at _write (node:internal/streams/writable:501:10)
    at Writable.write (node:internal/streams/writable:510:10)
    at Console.log (/nix/store/c776mhyhgykcld7p90ajrka149ifn61a-firebase-tools-14.26.0/lib/node_modules/firebase-tools/node_modules/winston/lib/winston/transports/console.js:79:23)
    at Console._write (/nix/store/c776mhyhgykcld7p90ajrka149ifn61a-firebase-tools-14.26.0/lib/node_modules/firebase-tools/node_modules/winston-transport/index.js:103:17)
    at doWrite (/nix/store/c776mhyhgykcld7p90ajrka149ifn61a-firebase-tools-14.26.0/lib/node_modules/firebase-tools/node_modules/winston-transport/node_modules/readable-stream/lib/_stream_writable.js:428:64)
[error] 
[error] Error: An unexpected error has occurred.
[debug] [2025-12-12T21:05:33.175Z] Error: write EPIPE
    at afterWriteDispatched (node:internal/stream_base_commons:161:15)
    at writeGeneric (node:internal/stream_base_commons:152:3)
    at Socket._writeGeneric (node:net:958:11)
    at Socket._write (node:net:970:8)
    at writeOrBuffer (node:internal/streams/writable:572:12)
    at _write (node:internal/streams/writable:501:10)
    at Writable.write (node:internal/streams/writable:510:10)
    at Console.log (/nix/store/c776mhyhgykcld7p90ajrka149ifn61a-firebase-tools-14.26.0/lib/node_modules/firebase-tools/node_modules/winston/lib/winston/transports/console.js:79:23)
    at Console._write (/nix/store/c776mhyhgykcld7p90ajrka149ifn61a-firebase-tools-14.26.0/lib/node_modules/firebase-tools/node_modules/winston-transport/index.js:103:17)
    at doWrite (/nix/store/c776mhyhgykcld7p90ajrka149ifn61a-firebase-tools-14.26.0/lib/node_modules/firebase-tools/node_modules/winston-transport/node_modules/readable-stream/lib/_stream_writable.js:428:64)
[error] 
[error] Error: An unexpected error has occurred.
[debug] [2025-12-12T21:05:33.176Z] Error: write EPIPE
    at afterWriteDispatched (node:internal/stream_base_commons:161:15)
    at writeGeneric (node:internal/stream_base_commons:152:3)
    at Socket._writeGeneric (node:net:958:11)
    at Socket._write (node:net:970:8)
    at writeOrBuffer (node:internal/streams/writable:572:12)
    at _write (node:internal/streams/writable:501:10)
    at Writable.write (node:internal/streams/writable:510:10)
    at Console.log (/nix/store/c776mhyhgykcld7p90ajrka149ifn61a-firebase-tools-14.26.0/lib/node_modules/firebase-tools/node_modules/winston/lib/winston/transports/console.js:79:23)
    at Console._write (/nix/store/c776mhyhgykcld7p90ajrka149ifn61a-firebase-tools-14.26.0/lib/node_modules/firebase-tools/node_modules/winston-transport/index.js:103:17)
    at doWrite (/nix/store/c776mhyhgykcld7p90ajrka149ifn61a-firebase-tools-14.26.0/lib/node_modules/firebase-tools/node_modules/winston-transport/node_modules/readable-stream/lib/_stream_writable.js:428:64)
[error] 
[error] Error: An unexpected error has occurred.
[debug] [2025-12-12T21:05:33.176Z] Error: write EPIPE
    at afterWriteDispatched (node:internal/stream_base_commons:161:15)
    at writeGeneric (node:internal/stream_base_commons:152:3)
    at Socket._writeGeneric (node:net:958:11)
    at Socket._write (node:net:970:8)
    at writeOrBuffer (node:internal/streams/writable:572:12)
    at _write (node:internal/streams/writable:501:10)
    at Writable.write (node:internal/streams/writable:510:10)
    at Console.log (/nix/store/c776mhyhgykcld7p90ajrka149ifn61a-firebase-tools-14.26.0/lib/node_modules/firebase-tools/node_modules/winston/lib/winston/transports/console.js:79:23)
    at Console._write (/nix/store/c776mhyhgykcld7p90ajrka149ifn61a-firebase-tools-14.26.0/lib/node_modules/firebase-tools/node_modules/winston-transport/index.js:103:17)
    at doWrite (/nix/store/c776mhyhgykcld7p90ajrka149ifn61a-firebase-tools-14.26.0/lib/node_modules/firebase-tools/node_modules/winston-transport/node_modules/readable-stream/lib/_stream_writable.js:428:64)
[error] 
[error] Error: An unexpected error has occurred.
[debug] [2025-12-12T21:05:33.176Z] Error: write EPIPE
    at afterWriteDispatched (node:internal/stream_base_commons:161:15)
    at writeGeneric (node:internal/stream_base_commons:152:3)
    at Socket._writeGeneric (node:net:958:11)
    at Socket._write (node:net:970:8)
    at writeOrBuffer (node:internal/streams/writable:572:12)
    at _write (node:internal/streams/writable:501:10)
    at Writable.write (node:internal/streams/writable:510:10)
    at Console.log (/nix/store/c776mhyhgykcld7p90ajrka149ifn61a-firebase-tools-14.26.0/lib/node_modules/firebase-tools/node_modules/winston/lib/winston/transports/console.js:79:23)
    at Console._write (/nix/store/c776mhyhgykcld7p90ajrka149ifn61a-firebase-tools-14.26.0/lib/node_modules/firebase-tools/node_modules/winston-transport/index.js:103:17)
    at doWrite (/nix/store/c776mhyhgykcld7p90ajrka149ifn61a-firebase-tools-14.26.0/lib/node_modules/firebase-tools/node_modules/winston-transport/node_modules/readable-stream/lib/_stream_writable.js:428:64)
[error] 
[error] Error: An unexpected error has occurred.
[debug] [2025-12-12T21:05:33.177Z] Error: write EPIPE
    at afterWriteDispatched (node:internal/stream_base_commons:161:15)
    at writeGeneric (node:internal/stream_base_commons:152:3)
    at Socket._writeGeneric (node:net:958:11)
    at Socket._write (node:net:970:8)
    at writeOrBuffer (node:internal/streams/writable:572:12)
    at _write (node:internal/streams/writable:501:10)
    at Writable.write (node:internal/streams/writable:510:10)
    at Console.log (/nix/store/c776mhyhgykcld7p90ajrka149ifn61a-firebase-tools-14.26.0/lib/node_modules/firebase-tools/node_modules/winston/lib/winston/transports/console.js:79:23)
    at Console._write (/nix/store/c776mhyhgykcld7p90ajrka149ifn61a-firebase-tools-14.26.0/lib/node_modules/firebase-tools/node_modules/winston-transport/index.js:103:17)
    at doWrite (/nix/store/c776mhyhgykcld7p90ajrka149ifn61a-firebase-tools-14.26.0/lib/node_modules/firebase-tools/node_modules/winston-transport/node_modules/readable-stream/lib/_stream_writable.js:428:64)
[error] 
[error] Error: An unexpected error has occurred.
[debug] [2025-12-12T21:05:33.177Z] Error: write EPIPE
    at afterWriteDispatched (node:internal/stream_base_commons:161:15)
    at writeGeneric (node:internal/stream_base_commons:152:3)
    at Socket._writeGeneric (node:net:958:11)
    at Socket._write (node:net:970:8)
    at writeOrBuffer (node:internal/streams/writable:572:12)
    at _write (node:internal/streams/writable:501:10)
    at Writable.write (node:internal/streams/writable:510:10)
    at Console.log (/nix/store/c776mhyhgykcld7p90ajrka149ifn61a-firebase-tools-14.26.0/lib/node_modules/firebase-tools/node_modules/winston/lib/winston/transports/console.js:79:23)
    at Console._write (/nix/store/c776mhyhgykcld7p90ajrka149ifn61a-firebase-tools-14.26.0/lib/node_modules/firebase-tools/node_modules/winston-transport/index.js:103:17)
    at doWrite (/nix/store/c776mhyhgykcld7p90ajrka149ifn61a-firebase-tools-14.26.0/lib/node_modules/firebase-tools/node_modules/winston-transport/node_modules/readable-stream/lib/_stream_writable.js:428:64)
[error] 
[error] Error: An unexpected error has occurred.
[debug] [2025-12-12T21:05:33.178Z] Error: write EPIPE
    at afterWriteDispatched (node:internal/stream_base_commons:161:15)
    at writeGeneric (node:internal/stream_base_commons:152:3)
    at Socket._writeGeneric (node:net:958:11)
    at Socket._write (node:net:970:8)
    at writeOrBuffer (node:internal/streams/writable:572:12)
    at _write (node:internal/streams/writable:501:10)
    at Writable.write (node:internal/streams/writable:510:10)
    at Console.log (/nix/store/c776mhyhgykcld7p90ajrka149ifn61a-firebase-tools-14.26.0/lib/node_modules/firebase-tools/node_modules/winston/lib/winston/transports/console.js:79:23)
    at Console._write (/nix/store/c776mhyhgykcld7p90ajrka149ifn61a-firebase-tools-14.26.0/lib/node_modules/firebase-tools/node_modules/winston-transport/index.js:103:17)
    at doWrite (/nix/store/c776mhyhgykcld7p90ajrka149ifn61a-firebase-tools-14.26.0/lib/node_modules/firebase-tools/node_modules/winston-transport/node_modules/readable-stream/lib/_stream_writable.js:428:64)
[error] 
[error] Error: An unexpected error has occurred.
[info] i  emulators: Shutting down emulators. {"metadata":{"emulator":{"name":"hub"},"message":"Shutting down emulators."}}
[info] i  ui: Stopping Emulator UI {"metadata":{"emulator":{"name":"ui"},"message":"Stopping Emulator UI"}}
[info] i  firestore: Stopping Firestore Emulator {"metadata":{"emulator":{"name":"firestore"},"message":"Stopping Firestore Emulator"}}
[debug] [2025-12-12T21:05:33.191Z] Error: write EPIPE
    at afterWriteDispatched (node:internal/stream_base_commons:161:15)
    at writeGeneric (node:internal/stream_base_commons:152:3)
    at Socket._writeGeneric (node:net:958:11)
    at Socket._write (node:net:970:8)
    at writeOrBuffer (node:internal/streams/writable:572:12)
    at _write (node:internal/streams/writable:501:10)
    at Writable.write (node:internal/streams/writable:510:10)
    at Console.log (/nix/store/c776mhyhgykcld7p90ajrka149ifn61a-firebase-tools-14.26.0/lib/node_modules/firebase-tools/node_modules/winston/lib/winston/transports/console.js:79:23)
    at Console._write (/nix/store/c776mhyhgykcld7p90ajrka149ifn61a-firebase-tools-14.26.0/lib/node_modules/firebase-tools/node_modules/winston-transport/index.js:103:17)
    at doWrite (/nix/store/c776mhyhgykcld7p90ajrka149ifn61a-firebase-tools-14.26.0/lib/node_modules/firebase-tools/node_modules/winston-transport/node_modules/readable-stream/lib/_stream_writable.js:428:64)
[error] 
[error] Error: An unexpected error has occurred.
[debug] [2025-12-12T21:05:33.196Z] Error: write EPIPE
    at afterWriteDispatched (node:internal/stream_base_commons:161:15)
    at writeGeneric (node:internal/stream_base_commons:152:3)
    at Socket._writeGeneric (node:net:958:11)
    at Socket._write (node:net:970:8)
    at writeOrBuffer (node:internal/streams/writable:572:12)
    at _write (node:internal/streams/writable:501:10)
    at Writable.write (node:internal/streams/writable:510:10)
    at Console.log (/nix/store/c776mhyhgykcld7p90ajrka149ifn61a-firebase-tools-14.26.0/lib/node_modules/firebase-tools/node_modules/winston/lib/winston/transports/console.js:79:23)
    at Console._write (/nix/store/c776mhyhgykcld7p90ajrka149ifn61a-firebase-tools-14.26.0/lib/node_modules/firebase-tools/node_modules/winston-transport/index.js:103:17)
    at doWrite (/nix/store/c776mhyhgykcld7p90ajrka149ifn61a-firebase-tools-14.26.0/lib/node_modules/firebase-tools/node_modules/winston-transport/node_modules/readable-stream/lib/_stream_writable.js:428:64)
[error] 
[error] Error: An unexpected error has occurred.
[debug] [2025-12-12T21:05:33.200Z] Error: write EPIPE
    at afterWriteDispatched (node:internal/stream_base_commons:161:15)
    at writeGeneric (node:internal/stream_base_commons:152:3)
    at Socket._writeGeneric (node:net:958:11)
    at Socket._write (node:net:970:8)
    at writeOrBuffer (node:internal/streams/writable:572:12)
    at _write (node:internal/streams/writable:501:10)
    at Writable.write (node:internal/streams/writable:510:10)
    at Console.log (/nix/store/c776mhyhgykcld7p90ajrka149ifn61a-firebase-tools-14.26.0/lib/node_modules/firebase-tools/node_modules/winston/lib/winston/transports/console.js:79:23)
    at Console._write (/nix/store/c776mhyhgykcld7p90ajrka149ifn61a-firebase-tools-14.26.0/lib/node_modules/firebase-tools/node_modules/winston-transport/index.js:103:17)
    at doWrite (/nix/store/c776mhyhgykcld7p90ajrka149ifn61a-firebase-tools-14.26.0/lib/node_modules/firebase-tools/node_modules/winston-transport/node_modules/readable-stream/lib/_stream_writable.js:428:64)
[error] 
[error] Error: An unexpected error has occurred.
[debug] [2025-12-12T21:05:33.201Z] Error: write EPIPE
    at afterWriteDispatched (node:internal/stream_base_commons:161:15)
    at writeGeneric (node:internal/stream_base_commons:152:3)
    at Socket._writeGeneric (node:net:958:11)
    at Socket._write (node:net:970:8)
    at writeOrBuffer (node:internal/streams/writable:572:12)
    at _write (node:internal/streams/writable:501:10)
    at Writable.write (node:internal/streams/writable:510:10)
    at Console.log (/nix/store/c776mhyhgykcld7p90ajrka149ifn61a-firebase-tools-14.26.0/lib/node_modules/firebase-tools/node_modules/winston/lib/winston/transports/console.js:79:23)
    at Console._write (/nix/store/c776mhyhgykcld7p90ajrka149ifn61a-firebase-tools-14.26.0/lib/node_modules/firebase-tools/node_modules/winston-transport/index.js:103:17)
    at doWrite (/nix/store/c776mhyhgykcld7p90ajrka149ifn61a-firebase-tools-14.26.0/lib/node_modules/firebase-tools/node_modules/winston-transport/node_modules/readable-stream/lib/_stream_writable.js:428:64)
[error] 
[error] Error: An unexpected error has occurred.
[debug] [2025-12-12T21:05:33.203Z] Error: write EPIPE
    at afterWriteDispatched (node:internal/stream_base_commons:161:15)
    at writeGeneric (node:internal/stream_base_commons:152:3)
    at Socket._writeGeneric (node:net:958:11)
    at Socket._write (node:net:970:8)
    at writeOrBuffer (node:internal/streams/writable:572:12)
    at _write (node:internal/streams/writable:501:10)
    at Writable.write (node:internal/streams/writable:510:10)
    at Console.log (/nix/store/c776mhyhgykcld7p90ajrka149ifn61a-firebase-tools-14.26.0/lib/node_modules/firebase-tools/node_modules/winston/lib/winston/transports/console.js:79:23)
    at Console._write (/nix/store/c776mhyhgykcld7p90ajrka149ifn61a-firebase-tools-14.26.0/lib/node_modules/firebase-tools/node_modules/winston-transport/index.js:103:17)
    at doWrite (/nix/store/c776mhyhgykcld7p90ajrka149ifn61a-firebase-tools-14.26.0/lib/node_modules/firebase-tools/node_modules/winston-transport/node_modules/readable-stream/lib/_stream_writable.js:428:64)
[error] 
[error] Error: An unexpected error has occurred.
[debug] [2025-12-12T21:05:33.204Z] Error: write EPIPE
    at afterWriteDispatched (node:internal/stream_base_commons:161:15)
    at writeGeneric (node:internal/stream_base_commons:152:3)
    at Socket._writeGeneric (node:net:958:11)
    at Socket._write (node:net:970:8)
    at writeOrBuffer (node:internal/streams/writable:572:12)
    at _write (node:internal/streams/writable:501:10)
    at Writable.write (node:internal/streams/writable:510:10)
    at Console.log (/nix/store/c776mhyhgykcld7p90ajrka149ifn61a-firebase-tools-14.26.0/lib/node_modules/firebase-tools/node_modules/winston/lib/winston/transports/console.js:79:23)
    at Console._write (/nix/store/c776mhyhgykcld7p90ajrka149ifn61a-firebase-tools-14.26.0/lib/node_modules/firebase-tools/node_modules/winston-transport/index.js:103:17)
    at doWrite (/nix/store/c776mhyhgykcld7p90ajrka149ifn61a-firebase-tools-14.26.0/lib/node_modules/firebase-tools/node_modules/winston-transport/node_modules/readable-stream/lib/_stream_writable.js:428:64)
[error] 
[error] Error: An unexpected error has occurred.
[debug] [2025-12-12T21:05:33.206Z] Error: write EPIPE
    at afterWriteDispatched (node:internal/stream_base_commons:161:15)
    at writeGeneric (node:internal/stream_base_commons:152:3)
    at Socket._writeGeneric (node:net:958:11)
    at Socket._write (node:net:970:8)
    at writeOrBuffer (node:internal/streams/writable:572:12)
    at _write (node:internal/streams/writable:501:10)
    at Writable.write (node:internal/streams/writable:510:10)
    at Console.log (/nix/store/c776mhyhgykcld7p90ajrka149ifn61a-firebase-tools-14.26.0/lib/node_modules/firebase-tools/node_modules/winston/lib/winston/transports/console.js:79:23)
    at Console._write (/nix/store/c776mhyhgykcld7p90ajrka149ifn61a-firebase-tools-14.26.0/lib/node_modules/firebase-tools/node_modules/winston-transport/index.js:103:17)
    at doWrite (/nix/store/c776mhyhgykcld7p90ajrka149ifn61a-firebase-tools-14.26.0/lib/node_modules/firebase-tools/node_modules/winston-transport/node_modules/readable-stream/lib/_stream_writable.js:428:64)
[error] 
[error] Error: An unexpected error has occurred.
[debug] [2025-12-12T21:05:33.207Z] Error: write EPIPE
    at afterWriteDispatched (node:internal/stream_base_commons:161:15)
    at writeGeneric (node:internal/stream_base_commons:152:3)
    at Socket._writeGeneric (node:net:958:11)
    at Socket._write (node:net:970:8)
    at writeOrBuffer (node:internal/streams/writable:572:12)
    at _write (node:internal/streams/writable:501:10)
    at Writable.write (node:internal/streams/writable:510:10)
    at Console.log (/nix/store/c776mhyhgykcld7p90ajrka149ifn61a-firebase-tools-14.26.0/lib/node_modules/firebase-tools/node_modules/winston/lib/winston/transports/console.js:79:23)
    at Console._write (/nix/store/c776mhyhgykcld7p90ajrka149ifn61a-firebase-tools-14.26.0/lib/node_modules/firebase-tools/node_modules/winston-transport/index.js:103:17)
    at doWrite (/nix/store/c776mhyhgykcld7p90ajrka149ifn61a-firebase-tools-14.26.0/lib/node_modules/firebase-tools/node_modules/winston-transport/node_modules/readable-stream/lib/_stream_writable.js:428:64)
[error] 
[error] Error: An unexpected error has occurred.
[debug] [2025-12-12T21:05:33.208Z] Error: write EPIPE
    at afterWriteDispatched (node:internal/stream_base_commons:161:15)
    at writeGeneric (node:internal/stream_base_commons:152:3)
    at Socket._writeGeneric (node:net:958:11)
    at Socket._write (node:net:970:8)
    at writeOrBuffer (node:internal/streams/writable:572:12)
    at _write (node:internal/streams/writable:501:10)
    at Writable.write (node:internal/streams/writable:510:10)
    at Console.log (/nix/store/c776mhyhgykcld7p90ajrka149ifn61a-firebase-tools-14.26.0/lib/node_modules/firebase-tools/node_modules/winston/lib/winston/transports/console.js:79:23)
    at Console._write (/nix/store/c776mhyhgykcld7p90ajrka149ifn61a-firebase-tools-14.26.0/lib/node_modules/firebase-tools/node_modules/winston-transport/index.js:103:17)
    at doWrite (/nix/store/c776mhyhgykcld7p90ajrka149ifn61a-firebase-tools-14.26.0/lib/node_modules/firebase-tools/node_modules/winston-transport/node_modules/readable-stream/lib/_stream_writable.js:428:64)
[error] 
[error] Error: An unexpected error has occurred.
[debug] [2025-12-12T21:05:33.209Z] Error: write EPIPE
    at afterWriteDispatched (node:internal/stream_base_commons:161:15)
    at writeGeneric (node:internal/stream_base_commons:152:3)
    at Socket._writeGeneric (node:net:958:11)
    at Socket._write (node:net:970:8)
    at writeOrBuffer (node:internal/streams/writable:572:12)
    at _write (node:internal/streams/writable:501:10)
    at Writable.write (node:internal/streams/writable:510:10)
    at Console.log (/nix/store/c776mhyhgykcld7p90ajrka149ifn61a-firebase-tools-14.26.0/lib/node_modules/firebase-tools/node_modules/winston/lib/winston/transports/console.js:79:23)
    at Console._write (/nix/store/c776mhyhgykcld7p90ajrka149ifn61a-firebase-tools-14.26.0/lib/node_modules/firebase-tools/node_modules/winston-transport/index.js:103:17)
    at doWrite (/nix/store/c776mhyhgykcld7p90ajrka149ifn61a-firebase-tools-14.26.0/lib/node_modules/firebase-tools/node_modules/winston-transport/node_modules/readable-stream/lib/_stream_writable.js:428:64)
[error] 
[error] Error: An unexpected error has occurred.
[debug] [2025-12-12T21:05:33.210Z] Error: write EPIPE
    at afterWriteDispatched (node:internal/stream_base_commons:161:15)
    at writeGeneric (node:internal/stream_base_commons:152:3)
    at Socket._writeGeneric (node:net:958:11)
    at Socket._write (node:net:970:8)
    at writeOrBuffer (node:internal/streams/writable:572:12)
    at _write (node:internal/streams/writable:501:10)
    at Writable.write (node:internal/streams/writable:510:10)
    at Console.log (/nix/store/c776mhyhgykcld7p90ajrka149ifn61a-firebase-tools-14.26.0/lib/node_modules/firebase-tools/node_modules/winston/lib/winston/transports/console.js:79:23)
    at Console._write (/nix/store/c776mhyhgykcld7p90ajrka149ifn61a-firebase-tools-14.26.0/lib/node_modules/firebase-tools/node_modules/winston-transport/index.js:103:17)
    at doWrite (/nix/store/c776mhyhgykcld7p90ajrka149ifn61a-firebase-tools-14.26.0/lib/node_modules/firebase-tools/node_modules/winston-transport/node_modules/readable-stream/lib/_stream_writable.js:428:64)
[error] 
[error] Error: An unexpected error has occurred.
[debug] [2025-12-12T21:05:33.211Z] Error: write EPIPE
    at afterWriteDispatched (node:internal/stream_base_commons:161:15)
    at writeGeneric (node:internal/stream_base_commons:152:3)
    at Socket._writeGeneric (node:net:958:11)
    at Socket._write (node:net:970:8)
    at writeOrBuffer (node:internal/streams/writable:572:12)
    at _write (node:internal/streams/writable:501:10)
    at Writable.write (node:internal/streams/writable:510:10)
    at Console.log (/nix/store/c776mhyhgykcld7p90ajrka149ifn61a-firebase-tools-14.26.0/lib/node_modules/firebase-tools/node_modules/winston/lib/winston/transports/console.js:79:23)
    at Console._write (/nix/store/c776mhyhgykcld7p90ajrka149ifn61a-firebase-tools-14.26.0/lib/node_modules/firebase-tools/node_modules/winston-transport/index.js:103:17)
    at doWrite (/nix/store/c776mhyhgykcld7p90ajrka149ifn61a-firebase-tools-14.26.0/lib/node_modules/firebase-tools/node_modules/winston-transport/node_modules/readable-stream/lib/_stream_writable.js:428:64)
[error] 
[error] Error: An unexpected error has occurred.
[debug] [2025-12-12T21:05:33.213Z] Error: write EPIPE
    at afterWriteDispatched (node:internal/stream_base_commons:161:15)
    at writeGeneric (node:internal/stream_base_commons:152:3)
    at Socket._writeGeneric (node:net:958:11)
    at Socket._write (node:net:970:8)
    at writeOrBuffer (node:internal/streams/writable:572:12)
    at _write (node:internal/streams/writable:501:10)
    at Writable.write (node:internal/streams/writable:510:10)
    at Console.log (/nix/store/c776mhyhgykcld7p90ajrka149ifn61a-firebase-tools-14.26.0/lib/node_modules/firebase-tools/node_modules/winston/lib/winston/transports/console.js:79:23)
    at Console._write (/nix/store/c776mhyhgykcld7p90ajrka149ifn61a-firebase-tools-14.26.0/lib/node_modules/firebase-tools/node_modules/winston-transport/index.js:103:17)
    at doWrite (/nix/store/c776mhyhgykcld7p90ajrka149ifn61a-firebase-tools-14.26.0/lib/node_modules/firebase-tools/node_modules/winston-transport/node_modules/readable-stream/lib/_stream_writable.js:428:64)
[error] 
[error] Error: An unexpected error has occurred.
[debug] [2025-12-12T21:05:33.214Z] Error: write EPIPE
    at afterWriteDispatched (node:internal/stream_base_commons:161:15)
    at writeGeneric (node:internal/stream_base_commons:152:3)
    at Socket._writeGeneric (node:net:958:11)
    at Socket._write (node:net:970:8)
    at writeOrBuffer (node:internal/streams/writable:572:12)
    at _write (node:internal/streams/writable:501:10)
    at Writable.write (node:internal/streams/writable:510:10)
    at Console.log (/nix/store/c776mhyhgykcld7p90ajrka149ifn61a-firebase-tools-14.26.0/lib/node_modules/firebase-tools/node_modules/winston/lib/winston/transports/console.js:79:23)
    at Console._write (/nix/store/c776mhyhgykcld7p90ajrka149ifn61a-firebase-tools-14.26.0/lib/node_modules/firebase-tools/node_modules/winston-transport/index.js:103:17)
    at doWrite (/nix/store/c776mhyhgykcld7p90ajrka149ifn61a-firebase-tools-14.26.0/lib/node_modules/firebase-tools/node_modules/winston-transport/node_modules/readable-stream/lib/_stream_writable.js:428:64)
[error] 
[error] Error: An unexpected error has occurred.
[debug] [2025-12-12T21:05:33.215Z] Error: write EPIPE
    at afterWriteDispatched (node:internal/stream_base_commons:161:15)
    at writeGeneric (node:internal/stream_base_commons:152:3)
    at Socket._writeGeneric (node:net:958:11)
    at Socket._write (node:net:970:8)
    at writeOrBuffer (node:internal/streams/writable:572:12)
    at _write (node:internal/streams/writable:501:10)
    at Writable.write (node:internal/streams/writable:510:10)
    at Console.log (/nix/store/c776mhyhgykcld7p90ajrka149ifn61a-firebase-tools-14.26.0/lib/node_modules/firebase-tools/node_modules/winston/lib/winston/transports/console.js:79:23)
    at Console._write (/nix/store/c776mhyhgykcld7p90ajrka149ifn61a-firebase-tools-14.26.0/lib/node_modules/firebase-tools/node_modules/winston-transport/index.js:103:17)
    at doWrite (/nix/store/c776mhyhgykcld7p90ajrka149ifn61a-firebase-tools-14.26.0/lib/node_modules/firebase-tools/node_modules/winston-transport/node_modules/readable-stream/lib/_stream_writable.js:428:64)
[error] 
[error] Error: An unexpected error has occurred.
[debug] [2025-12-12T21:05:33.217Z] Error: write EPIPE
    at afterWriteDispatched (node:internal/stream_base_commons:161:15)
    at writeGeneric (node:internal/stream_base_commons:152:3)
    at Socket._writeGeneric (node:net:958:11)
    at Socket._write (node:net:970:8)
    at writeOrBuffer (node:internal/streams/writable:572:12)
    at _write (node:internal/streams/writable:501:10)
    at Writable.write (node:internal/streams/writable:510:10)
    at Console.log (/nix/store/c776mhyhgykcld7p90ajrka149ifn61a-firebase-tools-14.26.0/lib/node_modules/firebase-tools/node_modules/winston/lib/winston/transports/console.js:79:23)
    at Console._write (/nix/store/c776mhyhgykcld7p90ajrka149ifn61a-firebase-tools-14.26.0/lib/node_modules/firebase-tools/node_modules/winston-transport/index.js:103:17)
    at doWrite (/nix/store/c776mhyhgykcld7p90ajrka149ifn61a-firebase-tools-14.26.0/lib/node_modules/firebase-tools/node_modules/winston-transport/node_modules/readable-stream/lib/_stream_writable.js:428:64)
[error] 
[error] Error: An unexpected error has occurred.
[debug] [2025-12-12T21:05:33.218Z] *** shutting down gRPC server since JVM is shutting down
 {"metadata":{"emulator":{"name":"firestore"},"message":"*** shutting down gRPC server since JVM is shutting down\n"}}
[debug] [2025-12-12T21:05:33.228Z] Error: write EPIPE
    at afterWriteDispatched (node:internal/stream_base_commons:161:15)
    at writeGeneric (node:internal/stream_base_commons:152:3)
    at Socket._writeGeneric (node:net:958:11)
    at Socket._write (node:net:970:8)
    at writeOrBuffer (node:internal/streams/writable:572:12)
    at _write (node:internal/streams/writable:501:10)
    at Writable.write (node:internal/streams/writable:510:10)
    at Console.log (/nix/store/c776mhyhgykcld7p90ajrka149ifn61a-firebase-tools-14.26.0/lib/node_modules/firebase-tools/node_modules/winston/lib/winston/transports/console.js:79:23)
    at Console._write (/nix/store/c776mhyhgykcld7p90ajrka149ifn61a-firebase-tools-14.26.0/lib/node_modules/firebase-tools/node_modules/winston-transport/index.js:103:17)
    at doWrite (/nix/store/c776mhyhgykcld7p90ajrka149ifn61a-firebase-tools-14.26.0/lib/node_modules/firebase-tools/node_modules/winston-transport/node_modules/readable-stream/lib/_stream_writable.js:428:64)
[error] 
[error] Error: An unexpected error has occurred.
[debug] [2025-12-12T21:05:33.234Z] Error: write EPIPE
    at afterWriteDispatched (node:internal/stream_base_commons:161:15)
    at writeGeneric (node:internal/stream_base_commons:152:3)
    at Socket._writeGeneric (node:net:958:11)
    at Socket._write (node:net:970:8)
    at writeOrBuffer (node:internal/streams/writable:572:12)
    at _write (node:internal/streams/writable:501:10)
    at Writable.write (node:internal/streams/writable:510:10)
    at Console.log (/nix/store/c776mhyhgykcld7p90ajrka149ifn61a-firebase-tools-14.26.0/lib/node_modules/firebase-tools/node_modules/winston/lib/winston/transports/console.js:79:23)
    at Console._write (/nix/store/c776mhyhgykcld7p90ajrka149ifn61a-firebase-tools-14.26.0/lib/node_modules/firebase-tools/node_modules/winston-transport/index.js:103:17)
    at doWrite (/nix/store/c776mhyhgykcld7p90ajrka149ifn61a-firebase-tools-14.26.0/lib/node_modules/firebase-tools/node_modules/winston-transport/node_modules/readable-stream/lib/_stream_writable.js:428:64)
[error] 
[error] Error: An unexpected error has occurred.
[debug] [2025-12-12T21:05:33.239Z] Error: write EPIPE
    at afterWriteDispatched (node:internal/stream_base_commons:161:15)
    at writeGeneric (node:internal/stream_base_commons:152:3)
    at Socket._writeGeneric (node:net:958:11)
    at Socket._write (node:net:970:8)
    at writeOrBuffer (node:internal/streams/writable:572:12)
    at _write (node:internal/streams/writable:501:10)
    at Writable.write (node:internal/streams/writable:510:10)
    at Console.log (/nix/store/c776mhyhgykcld7p90ajrka149ifn61a-firebase-tools-14.26.0/lib/node_modules/firebase-tools/node_modules/winston/lib/winston/transports/console.js:79:23)
    at Console._write (/nix/store/c776mhyhgykcld7p90ajrka149ifn61a-firebase-tools-14.26.0/lib/node_modules/firebase-tools/node_modules/winston-transport/index.js:103:17)
    at doWrite (/nix/store/c776mhyhgykcld7p90ajrka149ifn61a-firebase-tools-14.26.0/lib/node_modules/firebase-tools/node_modules/winston-transport/node_modules/readable-stream/lib/_stream_writable.js:428:64)
[error] 
[error] Error: An unexpected error has occurred.
[debug] [2025-12-12T21:05:33.240Z] Error: write EPIPE
    at afterWriteDispatched (node:internal/stream_base_commons:161:15)
    at writeGeneric (node:internal/stream_base_commons:152:3)
    at Socket._writeGeneric (node:net:958:11)
    at Socket._write (node:net:970:8)
    at writeOrBuffer (node:internal/streams/writable:572:12)
    at _write (node:internal/streams/writable:501:10)
    at Writable.write (node:internal/streams/writable:510:10)
    at Console.log (/nix/store/c776mhyhgykcld7p90ajrka149ifn61a-firebase-tools-14.26.0/lib/node_modules/firebase-tools/node_modules/winston/lib/winston/transports/console.js:79:23)
    at Console._write (/nix/store/c776mhyhgykcld7p90ajrka149ifn61a-firebase-tools-14.26.0/lib/node_modules/firebase-tools/node_modules/winston-transport/index.js:103:17)
    at doWrite (/nix/store/c776mhyhgykcld7p90ajrka149ifn61a-firebase-tools-14.26.0/lib/node_modules/firebase-tools/node_modules/winston-transport/node_modules/readable-stream/lib/_stream_writable.js:428:64)
[error] 
[error] Error: An unexpected error has occurred.
[debug] [2025-12-12T21:05:33.244Z] Error: write EPIPE
    at afterWriteDispatched (node:internal/stream_base_commons:161:15)
    at writeGeneric (node:internal/stream_base_commons:152:3)
    at Socket._writeGeneric (node:net:958:11)
    at Socket._write (node:net:970:8)
    at writeOrBuffer (node:internal/streams/writable:572:12)
    at _write (node:internal/streams/writable:501:10)
    at Writable.write (node:internal/streams/writable:510:10)
    at Console.log (/nix/store/c776mhyhgykcld7p90ajrka149ifn61a-firebase-tools-14.26.0/lib/node_modules/firebase-tools/node_modules/winston/lib/winston/transports/console.js:79:23)
    at Console._write (/nix/store/c776mhyhgykcld7p90ajrka149ifn61a-firebase-tools-14.26.0/lib/node_modules/firebase-tools/node_modules/winston-transport/index.js:103:17)
    at doWrite (/nix/store/c776mhyhgykcld7p90ajrka149ifn61a-firebase-tools-14.26.0/lib/node_modules/firebase-tools/node_modules/winston-transport/node_modules/readable-stream/lib/_stream_writable.js:428:64)
[error] 
[error] Error: An unexpected error has occurred.
[debug] [2025-12-12T21:05:33.245Z] Error: write EPIPE
    at afterWriteDispatched (node:internal/stream_base_commons:161:15)
    at writeGeneric (node:internal/stream_base_commons:152:3)
    at Socket._writeGeneric (node:net:958:11)
    at Socket._write (node:net:970:8)
    at writeOrBuffer (node:internal/streams/writable:572:12)
    at _write (node:internal/streams/writable:501:10)
    at Writable.write (node:internal/streams/writable:510:10)
    at Console.log (/nix/store/c776mhyhgykcld7p90ajrka149ifn61a-firebase-tools-14.26.0/lib/node_modules/firebase-tools/node_modules/winston/lib/winston/transports/console.js:79:23)
    at Console._write (/nix/store/c776mhyhgykcld7p90ajrka149ifn61a-firebase-tools-14.26.0/lib/node_modules/firebase-tools/node_modules/winston-transport/index.js:103:17)
    at doWrite (/nix/store/c776mhyhgykcld7p90ajrka149ifn61a-firebase-tools-14.26.0/lib/node_modules/firebase-tools/node_modules/winston-transport/node_modules/readable-stream/lib/_stream_writable.js:428:64)
[error] 
[error] Error: An unexpected error has occurred.
[debug] [2025-12-12T21:05:33.247Z] Error: write EPIPE
    at afterWriteDispatched (node:internal/stream_base_commons:161:15)
    at writeGeneric (node:internal/stream_base_commons:152:3)
    at Socket._writeGeneric (node:net:958:11)
    at Socket._write (node:net:970:8)
    at writeOrBuffer (node:internal/streams/writable:572:12)
    at _write (node:internal/streams/writable:501:10)
    at Writable.write (node:internal/streams/writable:510:10)
    at Console.log (/nix/store/c776mhyhgykcld7p90ajrka149ifn61a-firebase-tools-14.26.0/lib/node_modules/firebase-tools/node_modules/winston/lib/winston/transports/console.js:79:23)
    at Console._write (/nix/store/c776mhyhgykcld7p90ajrka149ifn61a-firebase-tools-14.26.0/lib/node_modules/firebase-tools/node_modules/winston-transport/index.js:103:17)
    at doWrite (/nix/store/c776mhyhgykcld7p90ajrka149ifn61a-firebase-tools-14.26.0/lib/node_modules/firebase-tools/node_modules/winston-transport/node_modules/readable-stream/lib/_stream_writable.js:428:64)
[error] 
[error] Error: An unexpected error has occurred.
[debug] [2025-12-12T21:05:33.248Z] Error: write EPIPE
    at afterWriteDispatched (node:internal/stream_base_commons:161:15)
    at writeGeneric (node:internal/stream_base_commons:152:3)
    at Socket._writeGeneric (node:net:958:11)
    at Socket._write (node:net:970:8)
    at writeOrBuffer (node:internal/streams/writable:572:12)
    at _write (node:internal/streams/writable:501:10)
    at Writable.write (node:internal/streams/writable:510:10)
    at Console.log (/nix/store/c776mhyhgykcld7p90ajrka149ifn61a-firebase-tools-14.26.0/lib/node_modules/firebase-tools/node_modules/winston/lib/winston/transports/console.js:79:23)
    at Console._write (/nix/store/c776mhyhgykcld7p90ajrka149ifn61a-firebase-tools-14.26.0/lib/node_modules/firebase-tools/node_modules/winston-transport/index.js:103:17)
    at doWrite (/nix/store/c776mhyhgykcld7p90ajrka149ifn61a-firebase-tools-14.26.0/lib/node_modules/firebase-tools/node_modules/winston-transport/node_modules/readable-stream/lib/_stream_writable.js:428:64)
[error] 
[error] Error: An unexpected error has occurred.
[debug] [2025-12-12T21:05:33.248Z] Error: write EPIPE
    at afterWriteDispatched (node:internal/stream_base_commons:161:15)
    at writeGeneric (node:internal/stream_base_commons:152:3)
    at Socket._writeGeneric (node:net:958:11)
    at Socket._write (node:net:970:8)
    at writeOrBuffer (node:internal/streams/writable:572:12)
    at _write (node:internal/streams/writable:501:10)
    at Writable.write (node:internal/streams/writable:510:10)
    at Console.log (/nix/store/c776mhyhgykcld7p90ajrka149ifn61a-firebase-tools-14.26.0/lib/node_modules/firebase-tools/node_modules/winston/lib/winston/transports/console.js:79:23)
    at Console._write (/nix/store/c776mhyhgykcld7p90ajrka149ifn61a-firebase-tools-14.26.0/lib/node_modules/firebase-tools/node_modules/winston-transport/index.js:103:17)
    at doWrite (/nix/store/c776mhyhgykcld7p90ajrka149ifn61a-firebase-tools-14.26.0/lib/node_modules/firebase-tools/node_modules/winston-transport/node_modules/readable-stream/lib/_stream_writable.js:428:64)
[error] 
[error] Error: An unexpected error has occurred.
[debug] [2025-12-12T21:05:33.250Z] Error: write EPIPE
    at afterWriteDispatched (node:internal/stream_base_commons:161:15)
    at writeGeneric (node:internal/stream_base_commons:152:3)
    at Socket._writeGeneric (node:net:958:11)
    at Socket._write (node:net:970:8)
    at writeOrBuffer (node:internal/streams/writable:572:12)
    at _write (node:internal/streams/writable:501:10)
    at Writable.write (node:internal/streams/writable:510:10)
    at Console.log (/nix/store/c776mhyhgykcld7p90ajrka149ifn61a-firebase-tools-14.26.0/lib/node_modules/firebase-tools/node_modules/winston/lib/winston/transports/console.js:79:23)
    at Console._write (/nix/store/c776mhyhgykcld7p90ajrka149ifn61a-firebase-tools-14.26.0/lib/node_modules/firebase-tools/node_modules/winston-transport/index.js:103:17)
    at doWrite (/nix/store/c776mhyhgykcld7p90ajrka149ifn61a-firebase-tools-14.26.0/lib/node_modules/firebase-tools/node_modules/winston-transport/node_modules/readable-stream/lib/_stream_writable.js:428:64)
[error] 
[error] Failed to fetch Firebase Project from Studio Workspace because WORKSPACE_SLUG environment variable is empty
[error] Failed to fetch Firebase Project from Studio Workspace because WORKSPACE_SLUG environment variable is empty
[error] Failed to fetch Firebase Project from Studio Workspace because WORKSPACE_SLUG environment variable is empty
[error] Failed to fetch Firebase Project from Studio Workspace because WORKSPACE_SLUG environment variable is empty
[debug] [2025-12-16T07:11:10.836Z] > command requires scopes: ["email","openid","https://www.googleapis.com/auth/cloudplatformprojects.readonly","https://www.googleapis.com/auth/firebase","https://www.googleapis.com/auth/cloud-platform","https://www.googleapis.com/auth/userinfo.email"]
[debug] [2025-12-16T07:11:10.841Z] > command requires scopes: ["email","openid","https://www.googleapis.com/auth/cloudplatformprojects.readonly","https://www.googleapis.com/auth/firebase","https://www.googleapis.com/auth/cloud-platform","https://www.googleapis.com/auth/userinfo.email"]
[debug] [2025-12-16T07:11:28.239Z] Running auto auth
[debug] [2025-12-16T07:11:28.255Z] Running auto auth
[debug] [2025-12-16T07:11:28.446Z] No OAuth tokens found
[debug] [2025-12-16T07:11:28.453Z] No OAuth tokens found
[debug] [2025-12-16T07:11:28.465Z] No OAuth tokens found
[debug] [2025-12-16T07:11:28.477Z] No OAuth tokens found
[debug] [2025-12-16T07:11:28.484Z] No OAuth tokens found
[debug] [2025-12-16T07:11:28.485Z] No OAuth tokens found
[debug] [2025-12-16T07:11:28.555Z] No OAuth tokens found
[debug] [2025-12-16T07:11:28.556Z] No OAuth tokens found
[debug] [2025-12-16T07:11:28.573Z] >>> [apiv2][query] GET https://serviceusage.googleapis.com/v1/projects/captionizemobile/services/storage.googleapis.com [none]
[debug] [2025-12-16T07:11:28.573Z] >>> [apiv2][(partial)header] GET https://serviceusage.googleapis.com/v1/projects/captionizemobile/services/storage.googleapis.com x-goog-quota-user=projects/captionizemobile
[debug] [2025-12-16T07:11:28.722Z] >>> [apiv2][query] GET https://serviceusage.googleapis.com/v1/projects/captionizemobile/services/firebasedataconnect.googleapis.com [none]
[debug] [2025-12-16T07:11:28.723Z] >>> [apiv2][(partial)header] GET https://serviceusage.googleapis.com/v1/projects/captionizemobile/services/firebasedataconnect.googleapis.com x-goog-quota-user=projects/captionizemobile
[debug] [2025-12-16T07:11:28.735Z] >>> [apiv2][query] GET https://serviceusage.googleapis.com/v1/projects/captionizemobile/services/identitytoolkit.googleapis.com [none]
[debug] [2025-12-16T07:11:28.735Z] >>> [apiv2][(partial)header] GET https://serviceusage.googleapis.com/v1/projects/captionizemobile/services/identitytoolkit.googleapis.com x-goog-quota-user=projects/captionizemobile
[debug] [2025-12-16T07:11:28.746Z] >>> [apiv2][query] GET https://serviceusage.googleapis.com/v1/projects/captionizemobile/services/fcm.googleapis.com [none]
[debug] [2025-12-16T07:11:28.747Z] >>> [apiv2][(partial)header] GET https://serviceusage.googleapis.com/v1/projects/captionizemobile/services/fcm.googleapis.com x-goog-quota-user=projects/captionizemobile
[debug] [2025-12-16T07:11:28.757Z] >>> [apiv2][query] GET https://serviceusage.googleapis.com/v1/projects/captionizemobile/services/cloudfunctions.googleapis.com [none]
[debug] [2025-12-16T07:11:28.758Z] >>> [apiv2][(partial)header] GET https://serviceusage.googleapis.com/v1/projects/captionizemobile/services/cloudfunctions.googleapis.com x-goog-quota-user=projects/captionizemobile
[debug] [2025-12-16T07:11:28.771Z] >>> [apiv2][query] GET https://serviceusage.googleapis.com/v1/projects/captionizemobile/services/firebaseremoteconfig.googleapis.com [none]
[debug] [2025-12-16T07:11:28.771Z] >>> [apiv2][(partial)header] GET https://serviceusage.googleapis.com/v1/projects/captionizemobile/services/firebaseremoteconfig.googleapis.com x-goog-quota-user=projects/captionizemobile
[debug] [2025-12-16T07:11:28.787Z] >>> [apiv2][query] GET https://serviceusage.googleapis.com/v1/projects/captionizemobile/services/firebaseapphosting.googleapis.com [none]
[debug] [2025-12-16T07:11:28.788Z] >>> [apiv2][(partial)header] GET https://serviceusage.googleapis.com/v1/projects/captionizemobile/services/firebaseapphosting.googleapis.com x-goog-quota-user=projects/captionizemobile
[debug] [2025-12-16T07:11:28.797Z] >>> [apiv2][query] GET https://serviceusage.googleapis.com/v1/projects/captionizemobile/services/firebaseio.com [none]
[debug] [2025-12-16T07:11:28.798Z] >>> [apiv2][(partial)header] GET https://serviceusage.googleapis.com/v1/projects/captionizemobile/services/firebaseio.com x-goog-quota-user=projects/captionizemobile
[debug] [2025-12-16T07:11:28.954Z] No OAuth tokens found
[debug] [2025-12-16T07:11:28.954Z] No OAuth tokens found
[debug] [2025-12-16T07:11:28.955Z] No OAuth tokens found
[debug] [2025-12-16T07:11:28.958Z] No OAuth tokens found
[debug] [2025-12-16T07:11:28.960Z] No OAuth tokens found
[debug] [2025-12-16T07:11:28.965Z] No OAuth tokens found
[debug] [2025-12-16T07:11:28.982Z] No OAuth tokens found
[debug] [2025-12-16T07:11:28.982Z] No OAuth tokens found
[debug] [2025-12-16T07:11:28.987Z] >>> [apiv2][query] GET https://serviceusage.googleapis.com/v1/projects/captionizemobile/services/storage.googleapis.com [none]
[debug] [2025-12-16T07:11:28.990Z] >>> [apiv2][(partial)header] GET https://serviceusage.googleapis.com/v1/projects/captionizemobile/services/storage.googleapis.com x-goog-quota-user=projects/captionizemobile
[debug] [2025-12-16T07:11:28.999Z] >>> [apiv2][query] GET https://serviceusage.googleapis.com/v1/projects/captionizemobile/services/firebasedataconnect.googleapis.com [none]
[debug] [2025-12-16T07:11:29.000Z] >>> [apiv2][(partial)header] GET https://serviceusage.googleapis.com/v1/projects/captionizemobile/services/firebasedataconnect.googleapis.com x-goog-quota-user=projects/captionizemobile
[debug] [2025-12-16T07:11:29.020Z] >>> [apiv2][query] GET https://serviceusage.googleapis.com/v1/projects/captionizemobile/services/identitytoolkit.googleapis.com [none]
[debug] [2025-12-16T07:11:29.020Z] >>> [apiv2][(partial)header] GET https://serviceusage.googleapis.com/v1/projects/captionizemobile/services/identitytoolkit.googleapis.com x-goog-quota-user=projects/captionizemobile
[debug] [2025-12-16T07:11:29.034Z] >>> [apiv2][query] GET https://serviceusage.googleapis.com/v1/projects/captionizemobile/services/fcm.googleapis.com [none]
[debug] [2025-12-16T07:11:29.037Z] >>> [apiv2][(partial)header] GET https://serviceusage.googleapis.com/v1/projects/captionizemobile/services/fcm.googleapis.com x-goog-quota-user=projects/captionizemobile
[debug] [2025-12-16T07:11:29.044Z] >>> [apiv2][query] GET https://serviceusage.googleapis.com/v1/projects/captionizemobile/services/cloudfunctions.googleapis.com [none]
[debug] [2025-12-16T07:11:29.049Z] >>> [apiv2][(partial)header] GET https://serviceusage.googleapis.com/v1/projects/captionizemobile/services/cloudfunctions.googleapis.com x-goog-quota-user=projects/captionizemobile
[debug] [2025-12-16T07:11:29.056Z] >>> [apiv2][query] GET https://serviceusage.googleapis.com/v1/projects/captionizemobile/services/firebaseremoteconfig.googleapis.com [none]
[debug] [2025-12-16T07:11:29.056Z] >>> [apiv2][(partial)header] GET https://serviceusage.googleapis.com/v1/projects/captionizemobile/services/firebaseremoteconfig.googleapis.com x-goog-quota-user=projects/captionizemobile
[debug] [2025-12-16T07:11:29.066Z] >>> [apiv2][query] GET https://serviceusage.googleapis.com/v1/projects/captionizemobile/services/firebaseapphosting.googleapis.com [none]
[debug] [2025-12-16T07:11:29.067Z] >>> [apiv2][(partial)header] GET https://serviceusage.googleapis.com/v1/projects/captionizemobile/services/firebaseapphosting.googleapis.com x-goog-quota-user=projects/captionizemobile
[debug] [2025-12-16T07:11:29.080Z] >>> [apiv2][query] GET https://serviceusage.googleapis.com/v1/projects/captionizemobile/services/firebaseio.com [none]
[debug] [2025-12-16T07:11:29.080Z] >>> [apiv2][(partial)header] GET https://serviceusage.googleapis.com/v1/projects/captionizemobile/services/firebaseio.com x-goog-quota-user=projects/captionizemobile
[debug] [2025-12-16T07:11:30.599Z] No OAuth tokens found
[debug] [2025-12-16T07:11:30.610Z] >>> [apiv2][query] GET https://serviceusage.googleapis.com/v1/projects/captionizemobile/services/firebaseappdistribution.googleapis.com [none]
[debug] [2025-12-16T07:11:30.610Z] >>> [apiv2][(partial)header] GET https://serviceusage.googleapis.com/v1/projects/captionizemobile/services/firebaseappdistribution.googleapis.com x-goog-quota-user=projects/captionizemobile
[debug] [2025-12-16T07:11:30.749Z] No OAuth tokens found
[debug] [2025-12-16T07:11:30.754Z] >>> [apiv2][query] GET https://serviceusage.googleapis.com/v1/projects/captionizemobile/services/firebaseappdistribution.googleapis.com [none]
[debug] [2025-12-16T07:11:30.754Z] >>> [apiv2][(partial)header] GET https://serviceusage.googleapis.com/v1/projects/captionizemobile/services/firebaseappdistribution.googleapis.com x-goog-quota-user=projects/captionizemobile
[debug] [2025-12-16T07:11:30.796Z] <<< [apiv2][status] GET https://serviceusage.googleapis.com/v1/projects/captionizemobile/services/firebaseremoteconfig.googleapis.com 200
[debug] [2025-12-16T07:11:30.796Z] <<< [apiv2][body] GET https://serviceusage.googleapis.com/v1/projects/captionizemobile/services/firebaseremoteconfig.googleapis.com [omitted]
[debug] [2025-12-16T07:11:30.850Z] <<< [apiv2][status] GET https://serviceusage.googleapis.com/v1/projects/captionizemobile/services/firebasedataconnect.googleapis.com 200
[debug] [2025-12-16T07:11:30.851Z] <<< [apiv2][body] GET https://serviceusage.googleapis.com/v1/projects/captionizemobile/services/firebasedataconnect.googleapis.com [omitted]
[debug] [2025-12-16T07:11:30.868Z] <<< [apiv2][status] GET https://serviceusage.googleapis.com/v1/projects/captionizemobile/services/identitytoolkit.googleapis.com 200
[debug] [2025-12-16T07:11:30.868Z] <<< [apiv2][body] GET https://serviceusage.googleapis.com/v1/projects/captionizemobile/services/identitytoolkit.googleapis.com [omitted]
[debug] [2025-12-16T07:11:30.891Z] <<< [apiv2][status] GET https://serviceusage.googleapis.com/v1/projects/captionizemobile/services/firebaseio.com 403
[debug] [2025-12-16T07:11:30.891Z] <<< [apiv2][body] GET https://serviceusage.googleapis.com/v1/projects/captionizemobile/services/firebaseio.com [omitted]
[debug] [2025-12-16T07:11:30.902Z] <<< [apiv2][status] GET https://serviceusage.googleapis.com/v1/projects/captionizemobile/services/firebaseapphosting.googleapis.com 200
[debug] [2025-12-16T07:11:30.902Z] <<< [apiv2][body] GET https://serviceusage.googleapis.com/v1/projects/captionizemobile/services/firebaseapphosting.googleapis.com [omitted]
[debug] [2025-12-16T07:11:30.916Z] <<< [apiv2][status] GET https://serviceusage.googleapis.com/v1/projects/captionizemobile/services/firebaseio.com 403
[debug] [2025-12-16T07:11:30.916Z] <<< [apiv2][body] GET https://serviceusage.googleapis.com/v1/projects/captionizemobile/services/firebaseio.com [omitted]
[debug] [2025-12-16T07:11:30.917Z] <<< [apiv2][status] GET https://serviceusage.googleapis.com/v1/projects/captionizemobile/services/fcm.googleapis.com 200
[debug] [2025-12-16T07:11:30.920Z] <<< [apiv2][body] GET https://serviceusage.googleapis.com/v1/projects/captionizemobile/services/fcm.googleapis.com [omitted]
[debug] [2025-12-16T07:11:30.941Z] <<< [apiv2][status] GET https://serviceusage.googleapis.com/v1/projects/captionizemobile/services/storage.googleapis.com 200
[debug] [2025-12-16T07:11:30.941Z] <<< [apiv2][body] GET https://serviceusage.googleapis.com/v1/projects/captionizemobile/services/storage.googleapis.com [omitted]
[debug] [2025-12-16T07:11:30.956Z] <<< [apiv2][status] GET https://serviceusage.googleapis.com/v1/projects/captionizemobile/services/identitytoolkit.googleapis.com 200
[debug] [2025-12-16T07:11:30.957Z] <<< [apiv2][body] GET https://serviceusage.googleapis.com/v1/projects/captionizemobile/services/identitytoolkit.googleapis.com [omitted]
[debug] [2025-12-16T07:11:30.970Z] <<< [apiv2][status] GET https://serviceusage.googleapis.com/v1/projects/captionizemobile/services/cloudfunctions.googleapis.com 200
[debug] [2025-12-16T07:11:30.970Z] <<< [apiv2][body] GET https://serviceusage.googleapis.com/v1/projects/captionizemobile/services/cloudfunctions.googleapis.com [omitted]
[debug] [2025-12-16T07:11:30.972Z] <<< [apiv2][status] GET https://serviceusage.googleapis.com/v1/projects/captionizemobile/services/firebasedataconnect.googleapis.com 200
[debug] [2025-12-16T07:11:30.973Z] <<< [apiv2][body] GET https://serviceusage.googleapis.com/v1/projects/captionizemobile/services/firebasedataconnect.googleapis.com [omitted]
[debug] [2025-12-16T07:11:30.974Z] <<< [apiv2][status] GET https://serviceusage.googleapis.com/v1/projects/captionizemobile/services/firebaseremoteconfig.googleapis.com 200
[debug] [2025-12-16T07:11:30.974Z] <<< [apiv2][body] GET https://serviceusage.googleapis.com/v1/projects/captionizemobile/services/firebaseremoteconfig.googleapis.com [omitted]
[debug] [2025-12-16T07:11:30.996Z] <<< [apiv2][status] GET https://serviceusage.googleapis.com/v1/projects/captionizemobile/services/firebaseapphosting.googleapis.com 200
[debug] [2025-12-16T07:11:30.997Z] <<< [apiv2][body] GET https://serviceusage.googleapis.com/v1/projects/captionizemobile/services/firebaseapphosting.googleapis.com [omitted]
[debug] [2025-12-16T07:11:31.019Z] <<< [apiv2][status] GET https://serviceusage.googleapis.com/v1/projects/captionizemobile/services/cloudfunctions.googleapis.com 200
[debug] [2025-12-16T07:11:31.022Z] <<< [apiv2][body] GET https://serviceusage.googleapis.com/v1/projects/captionizemobile/services/cloudfunctions.googleapis.com [omitted]
[debug] [2025-12-16T07:11:31.027Z] <<< [apiv2][status] GET https://serviceusage.googleapis.com/v1/projects/captionizemobile/services/fcm.googleapis.com 200
[debug] [2025-12-16T07:11:31.027Z] <<< [apiv2][body] GET https://serviceusage.googleapis.com/v1/projects/captionizemobile/services/fcm.googleapis.com [omitted]
[debug] [2025-12-16T07:11:31.069Z] <<< [apiv2][status] GET https://serviceusage.googleapis.com/v1/projects/captionizemobile/services/storage.googleapis.com 200
[debug] [2025-12-16T07:11:31.069Z] <<< [apiv2][body] GET https://serviceusage.googleapis.com/v1/projects/captionizemobile/services/storage.googleapis.com [omitted]
[debug] [2025-12-16T07:11:31.614Z] <<< [apiv2][status] GET https://serviceusage.googleapis.com/v1/projects/captionizemobile/services/firebaseappdistribution.googleapis.com 200
[debug] [2025-12-16T07:11:31.615Z] <<< [apiv2][body] GET https://serviceusage.googleapis.com/v1/projects/captionizemobile/services/firebaseappdistribution.googleapis.com [omitted]
[error] Failed to fetch Firebase Project from Studio Workspace because WORKSPACE_SLUG environment variable is empty
[error] Failed to fetch Firebase Project from Studio Workspace because WORKSPACE_SLUG environment variable is empty
[error] Failed to fetch Firebase Project from Studio Workspace because WORKSPACE_SLUG environment variable is empty
[debug] [2025-12-16T07:11:31.661Z] > command requires scopes: ["email","openid","https://www.googleapis.com/auth/cloudplatformprojects.readonly","https://www.googleapis.com/auth/firebase","https://www.googleapis.com/auth/cloud-platform","https://www.googleapis.com/auth/userinfo.email"]
[debug] [2025-12-16T07:11:31.661Z] > authorizing via signed-in user (emanakhtar111@gmail.com)
[error] Failed to fetch Firebase Project from Studio Workspace because WORKSPACE_SLUG environment variable is empty
[debug] [2025-12-16T07:11:31.676Z] > command requires scopes: ["email","openid","https://www.googleapis.com/auth/cloudplatformprojects.readonly","https://www.googleapis.com/auth/firebase","https://www.googleapis.com/auth/cloud-platform","https://www.googleapis.com/auth/userinfo.email"]
[debug] [2025-12-16T07:11:31.677Z] > authorizing via signed-in user (emanakhtar111@gmail.com)
[error] Failed to fetch Firebase Project from Studio Workspace because WORKSPACE_SLUG environment variable is empty
[error] Failed to fetch Firebase Project from Studio Workspace because WORKSPACE_SLUG environment variable is empty
[error] Failed to fetch Firebase Project from Studio Workspace because WORKSPACE_SLUG environment variable is empty
[error] Failed to fetch Firebase Project from Studio Workspace because WORKSPACE_SLUG environment variable is empty
[error] Failed to fetch Firebase Project from Studio Workspace because WORKSPACE_SLUG environment variable is empty
[error] Failed to fetch Firebase Project from Studio Workspace because WORKSPACE_SLUG environment variable is empty
[debug] [2025-12-16T07:11:31.770Z] > command requires scopes: ["email","openid","https://www.googleapis.com/auth/cloudplatformprojects.readonly","https://www.googleapis.com/auth/firebase","https://www.googleapis.com/auth/cloud-platform","https://www.googleapis.com/auth/userinfo.email"]
[debug] [2025-12-16T07:11:31.773Z] > authorizing via signed-in user (emanakhtar111@gmail.com)
[debug] [2025-12-16T07:11:31.773Z] > command requires scopes: ["email","openid","https://www.googleapis.com/auth/cloudplatformprojects.readonly","https://www.googleapis.com/auth/firebase","https://www.googleapis.com/auth/cloud-platform","https://www.googleapis.com/auth/userinfo.email"]
[debug] [2025-12-16T07:11:31.775Z] > authorizing via signed-in user (emanakhtar111@gmail.com)
[error] Failed to fetch Firebase Project from Studio Workspace because WORKSPACE_SLUG environment variable is empty
[error] Failed to fetch Firebase Project from Studio Workspace because WORKSPACE_SLUG environment variable is empty
[debug] [2025-12-16T07:11:31.795Z] > command requires scopes: ["email","openid","https://www.googleapis.com/auth/cloudplatformprojects.readonly","https://www.googleapis.com/auth/firebase","https://www.googleapis.com/auth/cloud-platform","https://www.googleapis.com/auth/userinfo.email"]
[debug] [2025-12-16T07:11:31.796Z] > authorizing via signed-in user (emanakhtar111@gmail.com)
[debug] [2025-12-16T07:11:31.796Z] > command requires scopes: ["email","openid","https://www.googleapis.com/auth/cloudplatformprojects.readonly","https://www.googleapis.com/auth/firebase","https://www.googleapis.com/auth/cloud-platform","https://www.googleapis.com/auth/userinfo.email"]
[debug] [2025-12-16T07:11:31.796Z] > authorizing via signed-in user (emanakhtar111@gmail.com)
[debug] [2025-12-16T07:11:31.814Z] <<< [apiv2][status] GET https://serviceusage.googleapis.com/v1/projects/captionizemobile/services/firebaseappdistribution.googleapis.com 200
[debug] [2025-12-16T07:11:31.815Z] <<< [apiv2][body] GET https://serviceusage.googleapis.com/v1/projects/captionizemobile/services/firebaseappdistribution.googleapis.com [omitted]
[error] Failed to fetch Firebase Project from Studio Workspace because WORKSPACE_SLUG environment variable is empty
[error] Failed to fetch Firebase Project from Studio Workspace because WORKSPACE_SLUG environment variable is empty
[error] Failed to fetch Firebase Project from Studio Workspace because WORKSPACE_SLUG environment variable is empty
[error] Failed to fetch Firebase Project from Studio Workspace because WORKSPACE_SLUG environment variable is empty
[debug] [2025-12-16T07:49:58.466Z] > command requires scopes: ["email","openid","https://www.googleapis.com/auth/cloudplatformprojects.readonly","https://www.googleapis.com/auth/firebase","https://www.googleapis.com/auth/cloud-platform","https://www.googleapis.com/auth/userinfo.email"]
[debug] [2025-12-16T07:49:58.472Z] > authorizing via signed-in user (emanakhtar111@gmail.com)
[debug] [2025-12-16T07:49:58.509Z] No OAuth tokens found
[debug] [2025-12-16T07:49:58.510Z] No OAuth tokens found
[debug] [2025-12-16T07:49:58.513Z] > command requires scopes: ["email","openid","https://www.googleapis.com/auth/cloudplatformprojects.readonly","https://www.googleapis.com/auth/firebase","https://www.googleapis.com/auth/cloud-platform","https://www.googleapis.com/auth/userinfo.email"]
[debug] [2025-12-16T07:49:58.514Z] > authorizing via signed-in user (emanakhtar111@gmail.com)
[debug] [2025-12-16T07:49:58.517Z] No OAuth tokens found
[debug] [2025-12-16T07:49:58.518Z] No OAuth tokens found
[debug] [2025-12-16T07:49:58.521Z] > command requires scopes: ["email","openid","https://www.googleapis.com/auth/cloudplatformprojects.readonly","https://www.googleapis.com/auth/firebase","https://www.googleapis.com/auth/cloud-platform","https://www.googleapis.com/auth/userinfo.email"]
[debug] [2025-12-16T07:49:58.521Z] > authorizing via signed-in user (emanakhtar111@gmail.com)
[debug] [2025-12-16T07:49:58.559Z] No OAuth tokens found
[debug] [2025-12-16T07:49:58.562Z] No OAuth tokens found
[debug] [2025-12-16T07:49:58.562Z] > command requires scopes: ["email","openid","https://www.googleapis.com/auth/cloudplatformprojects.readonly","https://www.googleapis.com/auth/firebase","https://www.googleapis.com/auth/cloud-platform","https://www.googleapis.com/auth/userinfo.email"]
[debug] [2025-12-16T07:49:58.563Z] > authorizing via signed-in user (emanakhtar111@gmail.com)
[debug] [2025-12-16T07:49:58.565Z] No OAuth tokens found
[debug] [2025-12-16T07:49:58.565Z] No OAuth tokens found
[debug] [2025-12-16T07:49:58.568Z] > command requires scopes: ["email","openid","https://www.googleapis.com/auth/cloudplatformprojects.readonly","https://www.googleapis.com/auth/firebase","https://www.googleapis.com/auth/cloud-platform","https://www.googleapis.com/auth/userinfo.email"]
[debug] [2025-12-16T07:49:58.568Z] > authorizing via signed-in user (emanakhtar111@gmail.com)
[debug] [2025-12-16T07:49:58.568Z] > command requires scopes: ["email","openid","https://www.googleapis.com/auth/cloudplatformprojects.readonly","https://www.googleapis.com/auth/firebase","https://www.googleapis.com/auth/cloud-platform","https://www.googleapis.com/auth/userinfo.email"]
[debug] [2025-12-16T07:49:58.569Z] > authorizing via signed-in user (emanakhtar111@gmail.com)
[debug] [2025-12-16T07:49:58.571Z] No OAuth tokens found
[debug] [2025-12-16T07:49:58.571Z] No OAuth tokens found
[debug] [2025-12-16T07:49:58.571Z] > command requires scopes: ["email","openid","https://www.googleapis.com/auth/cloudplatformprojects.readonly","https://www.googleapis.com/auth/firebase","https://www.googleapis.com/auth/cloud-platform","https://www.googleapis.com/auth/userinfo.email"]
[debug] [2025-12-16T07:49:58.571Z] > authorizing via signed-in user (emanakhtar111@gmail.com)
[debug] [2025-12-16T07:49:58.575Z] No OAuth tokens found
[debug] [2025-12-16T07:49:58.575Z] No OAuth tokens found
[debug] [2025-12-16T07:49:58.576Z] > command requires scopes: ["email","openid","https://www.googleapis.com/auth/cloudplatformprojects.readonly","https://www.googleapis.com/auth/firebase","https://www.googleapis.com/auth/cloud-platform","https://www.googleapis.com/auth/userinfo.email"]
[debug] [2025-12-16T07:49:58.577Z] > authorizing via signed-in user (emanakhtar111@gmail.com)
[debug] [2025-12-16T07:49:58.588Z] No OAuth tokens found
[debug] [2025-12-16T07:49:58.588Z] No OAuth tokens found
[debug] [2025-12-16T07:49:58.589Z] > command requires scopes: ["email","openid","https://www.googleapis.com/auth/cloudplatformprojects.readonly","https://www.googleapis.com/auth/firebase","https://www.googleapis.com/auth/cloud-platform","https://www.googleapis.com/auth/userinfo.email"]
[debug] [2025-12-16T07:49:58.589Z] > authorizing via signed-in user (emanakhtar111@gmail.com)
[debug] [2025-12-16T07:49:58.589Z] No OAuth tokens found
[debug] [2025-12-16T07:49:58.589Z] No OAuth tokens found
[debug] [2025-12-16T07:49:58.589Z] > command requires scopes: ["email","openid","https://www.googleapis.com/auth/cloudplatformprojects.readonly","https://www.googleapis.com/auth/firebase","https://www.googleapis.com/auth/cloud-platform","https://www.googleapis.com/auth/userinfo.email"]
[debug] [2025-12-16T07:49:58.592Z] > authorizing via signed-in user (emanakhtar111@gmail.com)
[debug] [2025-12-16T07:49:58.597Z] >>> [apiv2][query] GET https://serviceusage.googleapis.com/v1/projects/captionizemobile/services/firebasedataconnect.googleapis.com [none]
[debug] [2025-12-16T07:49:58.598Z] >>> [apiv2][(partial)header] GET https://serviceusage.googleapis.com/v1/projects/captionizemobile/services/firebasedataconnect.googleapis.com x-goog-quota-user=projects/captionizemobile
[debug] [2025-12-16T07:49:58.704Z] >>> [apiv2][query] GET https://serviceusage.googleapis.com/v1/projects/captionizemobile/services/cloudfunctions.googleapis.com [none]
[debug] [2025-12-16T07:49:58.706Z] >>> [apiv2][(partial)header] GET https://serviceusage.googleapis.com/v1/projects/captionizemobile/services/cloudfunctions.googleapis.com x-goog-quota-user=projects/captionizemobile
[debug] [2025-12-16T07:49:58.715Z] >>> [apiv2][query] GET https://serviceusage.googleapis.com/v1/projects/captionizemobile/services/firebaseapphosting.googleapis.com [none]
[debug] [2025-12-16T07:49:58.715Z] >>> [apiv2][(partial)header] GET https://serviceusage.googleapis.com/v1/projects/captionizemobile/services/firebaseapphosting.googleapis.com x-goog-quota-user=projects/captionizemobile
[debug] [2025-12-16T07:49:58.725Z] >>> [apiv2][query] GET https://serviceusage.googleapis.com/v1/projects/captionizemobile/services/firebaseio.com [none]
[debug] [2025-12-16T07:49:58.726Z] >>> [apiv2][(partial)header] GET https://serviceusage.googleapis.com/v1/projects/captionizemobile/services/firebaseio.com x-goog-quota-user=projects/captionizemobile
[debug] [2025-12-16T07:49:58.733Z] >>> [apiv2][query] GET https://serviceusage.googleapis.com/v1/projects/captionizemobile/services/firebasedataconnect.googleapis.com [none]
[debug] [2025-12-16T07:49:58.736Z] >>> [apiv2][(partial)header] GET https://serviceusage.googleapis.com/v1/projects/captionizemobile/services/firebasedataconnect.googleapis.com x-goog-quota-user=projects/captionizemobile
[debug] [2025-12-16T07:49:58.747Z] >>> [apiv2][query] GET https://serviceusage.googleapis.com/v1/projects/captionizemobile/services/cloudfunctions.googleapis.com [none]
[debug] [2025-12-16T07:49:58.748Z] >>> [apiv2][(partial)header] GET https://serviceusage.googleapis.com/v1/projects/captionizemobile/services/cloudfunctions.googleapis.com x-goog-quota-user=projects/captionizemobile
[debug] [2025-12-16T07:49:58.755Z] >>> [apiv2][query] GET https://serviceusage.googleapis.com/v1/projects/captionizemobile/services/firebaseapphosting.googleapis.com [none]
[debug] [2025-12-16T07:49:58.755Z] >>> [apiv2][(partial)header] GET https://serviceusage.googleapis.com/v1/projects/captionizemobile/services/firebaseapphosting.googleapis.com x-goog-quota-user=projects/captionizemobile
[debug] [2025-12-16T07:49:58.764Z] >>> [apiv2][query] GET https://serviceusage.googleapis.com/v1/projects/captionizemobile/services/firebaseio.com [none]
[debug] [2025-12-16T07:49:58.765Z] >>> [apiv2][(partial)header] GET https://serviceusage.googleapis.com/v1/projects/captionizemobile/services/firebaseio.com x-goog-quota-user=projects/captionizemobile
[debug] [2025-12-16T07:50:00.032Z] <<< [apiv2][status] GET https://serviceusage.googleapis.com/v1/projects/captionizemobile/services/firebaseio.com 403
[debug] [2025-12-16T07:50:00.032Z] <<< [apiv2][body] GET https://serviceusage.googleapis.com/v1/projects/captionizemobile/services/firebaseio.com [omitted]
[debug] [2025-12-16T07:50:00.169Z] <<< [apiv2][status] GET https://serviceusage.googleapis.com/v1/projects/captionizemobile/services/firebasedataconnect.googleapis.com 200
[debug] [2025-12-16T07:50:00.172Z] <<< [apiv2][body] GET https://serviceusage.googleapis.com/v1/projects/captionizemobile/services/firebasedataconnect.googleapis.com [omitted]
[debug] [2025-12-16T07:50:00.173Z] <<< [apiv2][status] GET https://serviceusage.googleapis.com/v1/projects/captionizemobile/services/cloudfunctions.googleapis.com 200
[debug] [2025-12-16T07:50:00.173Z] <<< [apiv2][body] GET https://serviceusage.googleapis.com/v1/projects/captionizemobile/services/cloudfunctions.googleapis.com [omitted]
[debug] [2025-12-16T07:50:00.195Z] <<< [apiv2][status] GET https://serviceusage.googleapis.com/v1/projects/captionizemobile/services/firebaseapphosting.googleapis.com 200
[debug] [2025-12-16T07:50:00.195Z] <<< [apiv2][body] GET https://serviceusage.googleapis.com/v1/projects/captionizemobile/services/firebaseapphosting.googleapis.com [omitted]
[error] Failed to fetch Firebase Project from Studio Workspace because WORKSPACE_SLUG environment variable is empty
[error] Failed to fetch Firebase Project from Studio Workspace because WORKSPACE_SLUG environment variable is empty
[error] Failed to fetch Firebase Project from Studio Workspace because WORKSPACE_SLUG environment variable is empty
[debug] [2025-12-16T07:50:00.213Z] > command requires scopes: ["email","openid","https://www.googleapis.com/auth/cloudplatformprojects.readonly","https://www.googleapis.com/auth/firebase","https://www.googleapis.com/auth/cloud-platform","https://www.googleapis.com/auth/userinfo.email"]
[debug] [2025-12-16T07:50:00.213Z] > authorizing via signed-in user (emanakhtar111@gmail.com)
[error] Failed to fetch Firebase Project from Studio Workspace because WORKSPACE_SLUG environment variable is empty
[debug] [2025-12-16T07:50:00.218Z] > command requires scopes: ["email","openid","https://www.googleapis.com/auth/cloudplatformprojects.readonly","https://www.googleapis.com/auth/firebase","https://www.googleapis.com/auth/cloud-platform","https://www.googleapis.com/auth/userinfo.email"]
[debug] [2025-12-16T07:50:00.218Z] > authorizing via signed-in user (emanakhtar111@gmail.com)
[debug] [2025-12-16T07:50:00.228Z] <<< [apiv2][status] GET https://serviceusage.googleapis.com/v1/projects/captionizemobile/services/firebaseio.com 403
[debug] [2025-12-16T07:50:00.229Z] <<< [apiv2][body] GET https://serviceusage.googleapis.com/v1/projects/captionizemobile/services/firebaseio.com [omitted]
[debug] [2025-12-16T07:50:00.234Z] <<< [apiv2][status] GET https://serviceusage.googleapis.com/v1/projects/captionizemobile/services/firebaseapphosting.googleapis.com 200
[debug] [2025-12-16T07:50:00.234Z] <<< [apiv2][body] GET https://serviceusage.googleapis.com/v1/projects/captionizemobile/services/firebaseapphosting.googleapis.com [omitted]
[debug] [2025-12-16T07:50:00.243Z] <<< [apiv2][status] GET https://serviceusage.googleapis.com/v1/projects/captionizemobile/services/cloudfunctions.googleapis.com 200
[debug] [2025-12-16T07:50:00.243Z] <<< [apiv2][body] GET https://serviceusage.googleapis.com/v1/projects/captionizemobile/services/cloudfunctions.googleapis.com [omitted]
[debug] [2025-12-16T07:50:00.249Z] <<< [apiv2][status] GET https://serviceusage.googleapis.com/v1/projects/captionizemobile/services/firebasedataconnect.googleapis.com 200
[debug] [2025-12-16T07:50:00.254Z] <<< [apiv2][body] GET https://serviceusage.googleapis.com/v1/projects/captionizemobile/services/firebasedataconnect.googleapis.com [omitted]
[error] Failed to fetch Firebase Project from Studio Workspace because WORKSPACE_SLUG environment variable is empty
[error] Failed to fetch Firebase Project from Studio Workspace because WORKSPACE_SLUG environment variable is empty
[error] Failed to fetch Firebase Project from Studio Workspace because WORKSPACE_SLUG environment variable is empty
[debug] [2025-12-16T07:50:00.329Z] > command requires scopes: ["email","openid","https://www.googleapis.com/auth/cloudplatformprojects.readonly","https://www.googleapis.com/auth/firebase","https://www.googleapis.com/auth/cloud-platform","https://www.googleapis.com/auth/userinfo.email"]
[debug] [2025-12-16T07:50:00.336Z] > authorizing via signed-in user (emanakhtar111@gmail.com)
[error] Failed to fetch Firebase Project from Studio Workspace because WORKSPACE_SLUG environment variable is empty
[debug] [2025-12-16T07:50:00.346Z] > command requires scopes: ["email","openid","https://www.googleapis.com/auth/cloudplatformprojects.readonly","https://www.googleapis.com/auth/firebase","https://www.googleapis.com/auth/cloud-platform","https://www.googleapis.com/auth/userinfo.email"]
[debug] [2025-12-16T07:50:00.347Z] > authorizing via signed-in user (emanakhtar111@gmail.com)
[error] Failed to fetch Firebase Project from Studio Workspace because WORKSPACE_SLUG environment variable is empty
[error] Failed to fetch Firebase Project from Studio Workspace because WORKSPACE_SLUG environment variable is empty
[error] Failed to fetch Firebase Project from Studio Workspace because WORKSPACE_SLUG environment variable is empty
[debug] [2025-12-16T07:50:00.378Z] > command requires scopes: ["email","openid","https://www.googleapis.com/auth/cloudplatformprojects.readonly","https://www.googleapis.com/auth/firebase","https://www.googleapis.com/auth/cloud-platform","https://www.googleapis.com/auth/userinfo.email"]
[debug] [2025-12-16T07:50:00.380Z] > authorizing via signed-in user (emanakhtar111@gmail.com)
[error] Failed to fetch Firebase Project from Studio Workspace because WORKSPACE_SLUG environment variable is empty
[debug] [2025-12-16T07:50:00.395Z] > command requires scopes: ["email","openid","https://www.googleapis.com/auth/cloudplatformprojects.readonly","https://www.googleapis.com/auth/firebase","https://www.googleapis.com/auth/cloud-platform","https://www.googleapis.com/auth/userinfo.email"]
[debug] [2025-12-16T07:50:00.395Z] > authorizing via signed-in user (emanakhtar111@gmail.com)
[error] Failed to fetch Firebase Project from Studio Workspace because WORKSPACE_SLUG environment variable is empty
[error] Failed to fetch Firebase Project from Studio Workspace because WORKSPACE_SLUG environment variable is empty
[error] Failed to fetch Firebase Project from Studio Workspace because WORKSPACE_SLUG environment variable is empty
[error] Failed to fetch Firebase Project from Studio Workspace because WORKSPACE_SLUG environment variable is empty
[debug] [2025-12-16T09:43:20.533Z] > command requires scopes: ["email","openid","https://www.googleapis.com/auth/cloudplatformprojects.readonly","https://www.googleapis.com/auth/firebase","https://www.googleapis.com/auth/cloud-platform","https://www.googleapis.com/auth/userinfo.email"]
[debug] [2025-12-16T09:43:20.553Z] > command requires scopes: ["email","openid","https://www.googleapis.com/auth/cloudplatformprojects.readonly","https://www.googleapis.com/auth/firebase","https://www.googleapis.com/auth/cloud-platform","https://www.googleapis.com/auth/userinfo.email"]
[debug] [2025-12-16T09:43:38.045Z] Running auto auth
[debug] [2025-12-16T09:43:38.060Z] Running auto auth
[debug] [2025-12-16T09:43:38.246Z] No OAuth tokens found
[debug] [2025-12-16T09:43:38.261Z] No OAuth tokens found
[debug] [2025-12-16T09:43:38.336Z] No OAuth tokens found
[debug] [2025-12-16T09:43:38.342Z] No OAuth tokens found
[debug] [2025-12-16T09:43:38.353Z] >>> [apiv2][query] GET https://serviceusage.googleapis.com/v1/projects/captionizemobile/services/firebasedataconnect.googleapis.com [none]
[debug] [2025-12-16T09:43:38.354Z] >>> [apiv2][(partial)header] GET https://serviceusage.googleapis.com/v1/projects/captionizemobile/services/firebasedataconnect.googleapis.com x-goog-quota-user=projects/captionizemobile
[debug] [2025-12-16T09:43:38.483Z] >>> [apiv2][query] GET https://serviceusage.googleapis.com/v1/projects/captionizemobile/services/cloudfunctions.googleapis.com [none]
[debug] [2025-12-16T09:43:38.483Z] >>> [apiv2][(partial)header] GET https://serviceusage.googleapis.com/v1/projects/captionizemobile/services/cloudfunctions.googleapis.com x-goog-quota-user=projects/captionizemobile
[debug] [2025-12-16T09:43:38.490Z] >>> [apiv2][query] GET https://serviceusage.googleapis.com/v1/projects/captionizemobile/services/firebaseapphosting.googleapis.com [none]
[debug] [2025-12-16T09:43:38.490Z] >>> [apiv2][(partial)header] GET https://serviceusage.googleapis.com/v1/projects/captionizemobile/services/firebaseapphosting.googleapis.com x-goog-quota-user=projects/captionizemobile
[debug] [2025-12-16T09:43:38.493Z] >>> [apiv2][query] GET https://serviceusage.googleapis.com/v1/projects/captionizemobile/services/firebaseio.com [none]
[debug] [2025-12-16T09:43:38.494Z] >>> [apiv2][(partial)header] GET https://serviceusage.googleapis.com/v1/projects/captionizemobile/services/firebaseio.com x-goog-quota-user=projects/captionizemobile
[debug] [2025-12-16T09:43:38.575Z] No OAuth tokens found
[debug] [2025-12-16T09:43:38.578Z] No OAuth tokens found
[debug] [2025-12-16T09:43:38.621Z] No OAuth tokens found
[debug] [2025-12-16T09:43:38.622Z] No OAuth tokens found
[debug] [2025-12-16T09:43:38.628Z] >>> [apiv2][query] GET https://serviceusage.googleapis.com/v1/projects/captionizemobile/services/firebasedataconnect.googleapis.com [none]
[debug] [2025-12-16T09:43:38.628Z] >>> [apiv2][(partial)header] GET https://serviceusage.googleapis.com/v1/projects/captionizemobile/services/firebasedataconnect.googleapis.com x-goog-quota-user=projects/captionizemobile
[debug] [2025-12-16T09:43:38.643Z] >>> [apiv2][query] GET https://serviceusage.googleapis.com/v1/projects/captionizemobile/services/cloudfunctions.googleapis.com [none]
[debug] [2025-12-16T09:43:38.649Z] >>> [apiv2][(partial)header] GET https://serviceusage.googleapis.com/v1/projects/captionizemobile/services/cloudfunctions.googleapis.com x-goog-quota-user=projects/captionizemobile
[debug] [2025-12-16T09:43:38.658Z] >>> [apiv2][query] GET https://serviceusage.googleapis.com/v1/projects/captionizemobile/services/firebaseapphosting.googleapis.com [none]
[debug] [2025-12-16T09:43:38.659Z] >>> [apiv2][(partial)header] GET https://serviceusage.googleapis.com/v1/projects/captionizemobile/services/firebaseapphosting.googleapis.com x-goog-quota-user=projects/captionizemobile
[debug] [2025-12-16T09:43:38.668Z] >>> [apiv2][query] GET https://serviceusage.googleapis.com/v1/projects/captionizemobile/services/firebaseio.com [none]
[debug] [2025-12-16T09:43:38.669Z] >>> [apiv2][(partial)header] GET https://serviceusage.googleapis.com/v1/projects/captionizemobile/services/firebaseio.com x-goog-quota-user=projects/captionizemobile
[debug] [2025-12-16T09:43:39.272Z] <<< [apiv2][status] GET https://serviceusage.googleapis.com/v1/projects/captionizemobile/services/cloudfunctions.googleapis.com 200
[debug] [2025-12-16T09:43:39.278Z] <<< [apiv2][body] GET https://serviceusage.googleapis.com/v1/projects/captionizemobile/services/cloudfunctions.googleapis.com [omitted]
[debug] [2025-12-16T09:43:39.713Z] <<< [apiv2][status] GET https://serviceusage.googleapis.com/v1/projects/captionizemobile/services/firebaseio.com 403
[debug] [2025-12-16T09:43:39.717Z] <<< [apiv2][body] GET https://serviceusage.googleapis.com/v1/projects/captionizemobile/services/firebaseio.com [omitted]
[debug] [2025-12-16T09:43:39.746Z] <<< [apiv2][status] GET https://serviceusage.googleapis.com/v1/projects/captionizemobile/services/firebasedataconnect.googleapis.com 200
[debug] [2025-12-16T09:43:39.750Z] <<< [apiv2][body] GET https://serviceusage.googleapis.com/v1/projects/captionizemobile/services/firebasedataconnect.googleapis.com [omitted]
[debug] [2025-12-16T09:43:39.758Z] <<< [apiv2][status] GET https://serviceusage.googleapis.com/v1/projects/captionizemobile/services/cloudfunctions.googleapis.com 200
[debug] [2025-12-16T09:43:39.761Z] <<< [apiv2][body] GET https://serviceusage.googleapis.com/v1/projects/captionizemobile/services/cloudfunctions.googleapis.com [omitted]
[debug] [2025-12-16T09:43:39.808Z] <<< [apiv2][status] GET https://serviceusage.googleapis.com/v1/projects/captionizemobile/services/firebaseapphosting.googleapis.com 200
[debug] [2025-12-16T09:43:39.808Z] <<< [apiv2][body] GET https://serviceusage.googleapis.com/v1/projects/captionizemobile/services/firebaseapphosting.googleapis.com [omitted]
[error] Failed to fetch Firebase Project from Studio Workspace because WORKSPACE_SLUG environment variable is empty
[error] Failed to fetch Firebase Project from Studio Workspace because WORKSPACE_SLUG environment variable is empty
[error] Failed to fetch Firebase Project from Studio Workspace because WORKSPACE_SLUG environment variable is empty
[debug] [2025-12-16T09:43:39.823Z] > command requires scopes: ["email","openid","https://www.googleapis.com/auth/cloudplatformprojects.readonly","https://www.googleapis.com/auth/firebase","https://www.googleapis.com/auth/cloud-platform","https://www.googleapis.com/auth/userinfo.email"]
[debug] [2025-12-16T09:43:39.825Z] > authorizing via signed-in user (emanakhtar111@gmail.com)
[error] Failed to fetch Firebase Project from Studio Workspace because WORKSPACE_SLUG environment variable is empty
[debug] [2025-12-16T09:43:39.828Z] > command requires scopes: ["email","openid","https://www.googleapis.com/auth/cloudplatformprojects.readonly","https://www.googleapis.com/auth/firebase","https://www.googleapis.com/auth/cloud-platform","https://www.googleapis.com/auth/userinfo.email"]
[debug] [2025-12-16T09:43:39.828Z] > authorizing via signed-in user (emanakhtar111@gmail.com)
[debug] [2025-12-16T09:43:39.851Z] <<< [apiv2][status] GET https://serviceusage.googleapis.com/v1/projects/captionizemobile/services/firebaseapphosting.googleapis.com 200
[debug] [2025-12-16T09:43:39.854Z] <<< [apiv2][body] GET https://serviceusage.googleapis.com/v1/projects/captionizemobile/services/firebaseapphosting.googleapis.com [omitted]
[debug] [2025-12-16T09:43:39.854Z] <<< [apiv2][status] GET https://serviceusage.googleapis.com/v1/projects/captionizemobile/services/firebaseio.com 403
[debug] [2025-12-16T09:43:39.854Z] <<< [apiv2][body] GET https://serviceusage.googleapis.com/v1/projects/captionizemobile/services/firebaseio.com [omitted]
[debug] [2025-12-16T09:43:39.860Z] <<< [apiv2][status] GET https://serviceusage.googleapis.com/v1/projects/captionizemobile/services/firebasedataconnect.googleapis.com 200
[debug] [2025-12-16T09:43:39.860Z] <<< [apiv2][body] GET https://serviceusage.googleapis.com/v1/projects/captionizemobile/services/firebasedataconnect.googleapis.com [omitted]
[error] Failed to fetch Firebase Project from Studio Workspace because WORKSPACE_SLUG environment variable is empty
[error] Failed to fetch Firebase Project from Studio Workspace because WORKSPACE_SLUG environment variable is empty
[error] Failed to fetch Firebase Project from Studio Workspace because WORKSPACE_SLUG environment variable is empty
[debug] [2025-12-16T09:43:39.882Z] > command requires scopes: ["email","openid","https://www.googleapis.com/auth/cloudplatformprojects.readonly","https://www.googleapis.com/auth/firebase","https://www.googleapis.com/auth/cloud-platform","https://www.googleapis.com/auth/userinfo.email"]
[debug] [2025-12-16T09:43:39.885Z] > authorizing via signed-in user (emanakhtar111@gmail.com)
[error] Failed to fetch Firebase Project from Studio Workspace because WORKSPACE_SLUG environment variable is empty
[debug] [2025-12-16T09:43:39.890Z] > command requires scopes: ["email","openid","https://www.googleapis.com/auth/cloudplatformprojects.readonly","https://www.googleapis.com/auth/firebase","https://www.googleapis.com/auth/cloud-platform","https://www.googleapis.com/auth/userinfo.email"]
[debug] [2025-12-16T09:43:39.890Z] > authorizing via signed-in user (emanakhtar111@gmail.com)
[error] Failed to fetch Firebase Project from Studio Workspace because WORKSPACE_SLUG environment variable is empty
[error] Failed to fetch Firebase Project from Studio Workspace because WORKSPACE_SLUG environment variable is empty
[error] Failed to fetch Firebase Project from Studio Workspace because WORKSPACE_SLUG environment variable is empty
[debug] [2025-12-16T09:43:39.902Z] > command requires scopes: ["email","openid","https://www.googleapis.com/auth/cloudplatformprojects.readonly","https://www.googleapis.com/auth/firebase","https://www.googleapis.com/auth/cloud-platform","https://www.googleapis.com/auth/userinfo.email"]
[debug] [2025-12-16T09:43:39.902Z] > authorizing via signed-in user (emanakhtar111@gmail.com)
[error] Failed to fetch Firebase Project from Studio Workspace because WORKSPACE_SLUG environment variable is empty
[debug] [2025-12-16T09:43:39.904Z] > command requires scopes: ["email","openid","https://www.googleapis.com/auth/cloudplatformprojects.readonly","https://www.googleapis.com/auth/firebase","https://www.googleapis.com/auth/cloud-platform","https://www.googleapis.com/auth/userinfo.email"]
[debug] [2025-12-16T09:43:39.905Z] > authorizing via signed-in user (emanakhtar111@gmail.com)
[error] Failed to fetch Firebase Project from Studio Workspace because WORKSPACE_SLUG environment variable is empty
[error] Failed to fetch Firebase Project from Studio Workspace because WORKSPACE_SLUG environment variable is empty
[error] Failed to fetch Firebase Project from Studio Workspace because WORKSPACE_SLUG environment variable is empty
[error] Failed to fetch Firebase Project from Studio Workspace because WORKSPACE_SLUG environment variable is empty
[debug] [2025-12-16T16:25:12.142Z] > command requires scopes: ["email","openid","https://www.googleapis.com/auth/cloudplatformprojects.readonly","https://www.googleapis.com/auth/firebase","https://www.googleapis.com/auth/cloud-platform","https://www.googleapis.com/auth/userinfo.email"]
[debug] [2025-12-16T16:25:12.157Z] > command requires scopes: ["email","openid","https://www.googleapis.com/auth/cloudplatformprojects.readonly","https://www.googleapis.com/auth/firebase","https://www.googleapis.com/auth/cloud-platform","https://www.googleapis.com/auth/userinfo.email"]
[debug] [2025-12-16T16:25:21.799Z] Running auto auth
[debug] [2025-12-16T16:25:21.805Z] Running auto auth
[debug] [2025-12-16T16:25:21.861Z] No OAuth tokens found
[debug] [2025-12-16T16:25:21.863Z] No OAuth tokens found
[debug] [2025-12-16T16:25:21.889Z] No OAuth tokens found
[debug] [2025-12-16T16:25:21.890Z] No OAuth tokens found
[debug] [2025-12-16T16:25:21.895Z] >>> [apiv2][query] GET https://serviceusage.googleapis.com/v1/projects/captionizemobile/services/firebasedataconnect.googleapis.com [none]
[debug] [2025-12-16T16:25:21.895Z] >>> [apiv2][(partial)header] GET https://serviceusage.googleapis.com/v1/projects/captionizemobile/services/firebasedataconnect.googleapis.com x-goog-quota-user=projects/captionizemobile
[debug] [2025-12-16T16:25:21.927Z] >>> [apiv2][query] GET https://serviceusage.googleapis.com/v1/projects/captionizemobile/services/cloudfunctions.googleapis.com [none]
[debug] [2025-12-16T16:25:21.927Z] >>> [apiv2][(partial)header] GET https://serviceusage.googleapis.com/v1/projects/captionizemobile/services/cloudfunctions.googleapis.com x-goog-quota-user=projects/captionizemobile
[debug] [2025-12-16T16:25:21.930Z] >>> [apiv2][query] GET https://serviceusage.googleapis.com/v1/projects/captionizemobile/services/firebaseapphosting.googleapis.com [none]
[debug] [2025-12-16T16:25:21.930Z] >>> [apiv2][(partial)header] GET https://serviceusage.googleapis.com/v1/projects/captionizemobile/services/firebaseapphosting.googleapis.com x-goog-quota-user=projects/captionizemobile
[debug] [2025-12-16T16:25:21.932Z] >>> [apiv2][query] GET https://serviceusage.googleapis.com/v1/projects/captionizemobile/services/firebaseio.com [none]
[debug] [2025-12-16T16:25:21.932Z] >>> [apiv2][(partial)header] GET https://serviceusage.googleapis.com/v1/projects/captionizemobile/services/firebaseio.com x-goog-quota-user=projects/captionizemobile
[debug] [2025-12-16T16:25:21.947Z] No OAuth tokens found
[debug] [2025-12-16T16:25:21.947Z] No OAuth tokens found
[debug] [2025-12-16T16:25:21.951Z] No OAuth tokens found
[debug] [2025-12-16T16:25:21.952Z] No OAuth tokens found
[debug] [2025-12-16T16:25:21.952Z] >>> [apiv2][query] GET https://serviceusage.googleapis.com/v1/projects/captionizemobile/services/firebasedataconnect.googleapis.com [none]
[debug] [2025-12-16T16:25:21.952Z] >>> [apiv2][(partial)header] GET https://serviceusage.googleapis.com/v1/projects/captionizemobile/services/firebasedataconnect.googleapis.com x-goog-quota-user=projects/captionizemobile
[debug] [2025-12-16T16:25:21.955Z] >>> [apiv2][query] GET https://serviceusage.googleapis.com/v1/projects/captionizemobile/services/cloudfunctions.googleapis.com [none]
[debug] [2025-12-16T16:25:21.955Z] >>> [apiv2][(partial)header] GET https://serviceusage.googleapis.com/v1/projects/captionizemobile/services/cloudfunctions.googleapis.com x-goog-quota-user=projects/captionizemobile
[debug] [2025-12-16T16:25:21.959Z] >>> [apiv2][query] GET https://serviceusage.googleapis.com/v1/projects/captionizemobile/services/firebaseapphosting.googleapis.com [none]
[debug] [2025-12-16T16:25:21.959Z] >>> [apiv2][(partial)header] GET https://serviceusage.googleapis.com/v1/projects/captionizemobile/services/firebaseapphosting.googleapis.com x-goog-quota-user=projects/captionizemobile
[debug] [2025-12-16T16:25:21.962Z] >>> [apiv2][query] GET https://serviceusage.googleapis.com/v1/projects/captionizemobile/services/firebaseio.com [none]
[debug] [2025-12-16T16:25:21.962Z] >>> [apiv2][(partial)header] GET https://serviceusage.googleapis.com/v1/projects/captionizemobile/services/firebaseio.com x-goog-quota-user=projects/captionizemobile
[debug] [2025-12-16T16:25:23.000Z] <<< [apiv2][status] GET https://serviceusage.googleapis.com/v1/projects/captionizemobile/services/firebaseio.com 403
[debug] [2025-12-16T16:25:23.000Z] <<< [apiv2][body] GET https://serviceusage.googleapis.com/v1/projects/captionizemobile/services/firebaseio.com [omitted]
[debug] [2025-12-16T16:25:23.046Z] <<< [apiv2][status] GET https://serviceusage.googleapis.com/v1/projects/captionizemobile/services/firebaseapphosting.googleapis.com 200
[debug] [2025-12-16T16:25:23.047Z] <<< [apiv2][body] GET https://serviceusage.googleapis.com/v1/projects/captionizemobile/services/firebaseapphosting.googleapis.com [omitted]
[debug] [2025-12-16T16:25:23.081Z] <<< [apiv2][status] GET https://serviceusage.googleapis.com/v1/projects/captionizemobile/services/cloudfunctions.googleapis.com 200
[debug] [2025-12-16T16:25:23.085Z] <<< [apiv2][body] GET https://serviceusage.googleapis.com/v1/projects/captionizemobile/services/cloudfunctions.googleapis.com [omitted]
[debug] [2025-12-16T16:25:23.093Z] <<< [apiv2][status] GET https://serviceusage.googleapis.com/v1/projects/captionizemobile/services/firebasedataconnect.googleapis.com 200
[debug] [2025-12-16T16:25:23.093Z] <<< [apiv2][body] GET https://serviceusage.googleapis.com/v1/projects/captionizemobile/services/firebasedataconnect.googleapis.com [omitted]
[debug] [2025-12-16T16:25:23.097Z] <<< [apiv2][status] GET https://serviceusage.googleapis.com/v1/projects/captionizemobile/services/firebaseapphosting.googleapis.com 200
[debug] [2025-12-16T16:25:23.097Z] <<< [apiv2][body] GET https://serviceusage.googleapis.com/v1/projects/captionizemobile/services/firebaseapphosting.googleapis.com [omitted]
[error] Failed to fetch Firebase Project from Studio Workspace because WORKSPACE_SLUG environment variable is empty
[error] Failed to fetch Firebase Project from Studio Workspace because WORKSPACE_SLUG environment variable is empty
[error] Failed to fetch Firebase Project from Studio Workspace because WORKSPACE_SLUG environment variable is empty
[debug] [2025-12-16T16:25:23.107Z] > command requires scopes: ["email","openid","https://www.googleapis.com/auth/cloudplatformprojects.readonly","https://www.googleapis.com/auth/firebase","https://www.googleapis.com/auth/cloud-platform","https://www.googleapis.com/auth/userinfo.email"]
[debug] [2025-12-16T16:25:23.107Z] > authorizing via signed-in user (emanakhtar111@gmail.com)
[error] Failed to fetch Firebase Project from Studio Workspace because WORKSPACE_SLUG environment variable is empty
[debug] [2025-12-16T16:25:23.110Z] > command requires scopes: ["email","openid","https://www.googleapis.com/auth/cloudplatformprojects.readonly","https://www.googleapis.com/auth/firebase","https://www.googleapis.com/auth/cloud-platform","https://www.googleapis.com/auth/userinfo.email"]
[debug] [2025-12-16T16:25:23.111Z] > authorizing via signed-in user (emanakhtar111@gmail.com)
[debug] [2025-12-16T16:25:23.117Z] <<< [apiv2][status] GET https://serviceusage.googleapis.com/v1/projects/captionizemobile/services/firebaseio.com 403
[debug] [2025-12-16T16:25:23.117Z] <<< [apiv2][body] GET https://serviceusage.googleapis.com/v1/projects/captionizemobile/services/firebaseio.com [omitted]
[debug] [2025-12-16T16:25:23.132Z] <<< [apiv2][status] GET https://serviceusage.googleapis.com/v1/projects/captionizemobile/services/firebasedataconnect.googleapis.com 200
[debug] [2025-12-16T16:25:23.135Z] <<< [apiv2][body] GET https://serviceusage.googleapis.com/v1/projects/captionizemobile/services/firebasedataconnect.googleapis.com [omitted]
[debug] [2025-12-16T16:25:23.143Z] <<< [apiv2][status] GET https://serviceusage.googleapis.com/v1/projects/captionizemobile/services/cloudfunctions.googleapis.com 200
[debug] [2025-12-16T16:25:23.143Z] <<< [apiv2][body] GET https://serviceusage.googleapis.com/v1/projects/captionizemobile/services/cloudfunctions.googleapis.com [omitted]
[error] Failed to fetch Firebase Project from Studio Workspace because WORKSPACE_SLUG environment variable is empty
[error] Failed to fetch Firebase Project from Studio Workspace because WORKSPACE_SLUG environment variable is empty
[error] Failed to fetch Firebase Project from Studio Workspace because WORKSPACE_SLUG environment variable is empty
[debug] [2025-12-16T16:25:23.174Z] > command requires scopes: ["email","openid","https://www.googleapis.com/auth/cloudplatformprojects.readonly","https://www.googleapis.com/auth/firebase","https://www.googleapis.com/auth/cloud-platform","https://www.googleapis.com/auth/userinfo.email"]
[debug] [2025-12-16T16:25:23.174Z] > authorizing via signed-in user (emanakhtar111@gmail.com)
[error] Failed to fetch Firebase Project from Studio Workspace because WORKSPACE_SLUG environment variable is empty
[debug] [2025-12-16T16:25:23.179Z] > command requires scopes: ["email","openid","https://www.googleapis.com/auth/cloudplatformprojects.readonly","https://www.googleapis.com/auth/firebase","https://www.googleapis.com/auth/cloud-platform","https://www.googleapis.com/auth/userinfo.email"]
[debug] [2025-12-16T16:25:23.179Z] > authorizing via signed-in user (emanakhtar111@gmail.com)
[error] Failed to fetch Firebase Project from Studio Workspace because WORKSPACE_SLUG environment variable is empty
[error] Failed to fetch Firebase Project from Studio Workspace because WORKSPACE_SLUG environment variable is empty
[error] Failed to fetch Firebase Project from Studio Workspace because WORKSPACE_SLUG environment variable is empty
[debug] [2025-12-16T16:25:23.191Z] > command requires scopes: ["email","openid","https://www.googleapis.com/auth/cloudplatformprojects.readonly","https://www.googleapis.com/auth/firebase","https://www.googleapis.com/auth/cloud-platform","https://www.googleapis.com/auth/userinfo.email"]
[debug] [2025-12-16T16:25:23.192Z] > authorizing via signed-in user (emanakhtar111@gmail.com)
[error] Failed to fetch Firebase Project from Studio Workspace because WORKSPACE_SLUG environment variable is empty
[debug] [2025-12-16T16:25:23.194Z] > command requires scopes: ["email","openid","https://www.googleapis.com/auth/cloudplatformprojects.readonly","https://www.googleapis.com/auth/firebase","https://www.googleapis.com/auth/cloud-platform","https://www.googleapis.com/auth/userinfo.email"]
[debug] [2025-12-16T16:25:23.194Z] > authorizing via signed-in user (emanakhtar111@gmail.com)
[error] Failed to fetch Firebase Project from Studio Workspace because WORKSPACE_SLUG environment variable is empty
[error] Failed to fetch Firebase Project from Studio Workspace because WORKSPACE_SLUG environment variable is empty
[error] Failed to fetch Firebase Project from Studio Workspace because WORKSPACE_SLUG environment variable is empty
[error] Failed to fetch Firebase Project from Studio Workspace because WORKSPACE_SLUG environment variable is empty
[debug] [2025-12-16T19:27:27.703Z] > command requires scopes: ["email","openid","https://www.googleapis.com/auth/cloudplatformprojects.readonly","https://www.googleapis.com/auth/firebase","https://www.googleapis.com/auth/cloud-platform","https://www.googleapis.com/auth/userinfo.email"]
[debug] [2025-12-16T19:27:27.707Z] > command requires scopes: ["email","openid","https://www.googleapis.com/auth/cloudplatformprojects.readonly","https://www.googleapis.com/auth/firebase","https://www.googleapis.com/auth/cloud-platform","https://www.googleapis.com/auth/userinfo.email"]
[debug] [2025-12-16T19:27:27.803Z] Running auto auth
[debug] [2025-12-16T19:27:27.822Z] Running auto auth
[debug] [2025-12-16T19:27:27.909Z] No OAuth tokens found
[debug] [2025-12-16T19:27:27.911Z] No OAuth tokens found
[debug] [2025-12-16T19:27:27.925Z] No OAuth tokens found
[debug] [2025-12-16T19:27:27.926Z] No OAuth tokens found
[debug] [2025-12-16T19:27:27.928Z] >>> [apiv2][query] GET https://serviceusage.googleapis.com/v1/projects/captionizemobile/services/firebasedataconnect.googleapis.com [none]
[debug] [2025-12-16T19:27:27.928Z] >>> [apiv2][(partial)header] GET https://serviceusage.googleapis.com/v1/projects/captionizemobile/services/firebasedataconnect.googleapis.com x-goog-quota-user=projects/captionizemobile
[debug] [2025-12-16T19:27:27.967Z] >>> [apiv2][query] GET https://serviceusage.googleapis.com/v1/projects/captionizemobile/services/cloudfunctions.googleapis.com [none]
[debug] [2025-12-16T19:27:27.968Z] >>> [apiv2][(partial)header] GET https://serviceusage.googleapis.com/v1/projects/captionizemobile/services/cloudfunctions.googleapis.com x-goog-quota-user=projects/captionizemobile
[debug] [2025-12-16T19:27:27.970Z] >>> [apiv2][query] GET https://serviceusage.googleapis.com/v1/projects/captionizemobile/services/firebaseapphosting.googleapis.com [none]
[debug] [2025-12-16T19:27:27.971Z] >>> [apiv2][(partial)header] GET https://serviceusage.googleapis.com/v1/projects/captionizemobile/services/firebaseapphosting.googleapis.com x-goog-quota-user=projects/captionizemobile
[debug] [2025-12-16T19:27:27.973Z] >>> [apiv2][query] GET https://serviceusage.googleapis.com/v1/projects/captionizemobile/services/firebaseio.com [none]
[debug] [2025-12-16T19:27:27.973Z] >>> [apiv2][(partial)header] GET https://serviceusage.googleapis.com/v1/projects/captionizemobile/services/firebaseio.com x-goog-quota-user=projects/captionizemobile
[debug] [2025-12-16T19:27:28.018Z] No OAuth tokens found
[debug] [2025-12-16T19:27:28.019Z] No OAuth tokens found
[debug] [2025-12-16T19:27:28.032Z] No OAuth tokens found
[debug] [2025-12-16T19:27:28.032Z] No OAuth tokens found
[debug] [2025-12-16T19:27:28.033Z] >>> [apiv2][query] GET https://serviceusage.googleapis.com/v1/projects/captionizemobile/services/firebasedataconnect.googleapis.com [none]
[debug] [2025-12-16T19:27:28.033Z] >>> [apiv2][(partial)header] GET https://serviceusage.googleapis.com/v1/projects/captionizemobile/services/firebasedataconnect.googleapis.com x-goog-quota-user=projects/captionizemobile
[debug] [2025-12-16T19:27:28.035Z] >>> [apiv2][query] GET https://serviceusage.googleapis.com/v1/projects/captionizemobile/services/cloudfunctions.googleapis.com [none]
[debug] [2025-12-16T19:27:28.036Z] >>> [apiv2][(partial)header] GET https://serviceusage.googleapis.com/v1/projects/captionizemobile/services/cloudfunctions.googleapis.com x-goog-quota-user=projects/captionizemobile
[debug] [2025-12-16T19:27:28.038Z] >>> [apiv2][query] GET https://serviceusage.googleapis.com/v1/projects/captionizemobile/services/firebaseapphosting.googleapis.com [none]
[debug] [2025-12-16T19:27:28.039Z] >>> [apiv2][(partial)header] GET https://serviceusage.googleapis.com/v1/projects/captionizemobile/services/firebaseapphosting.googleapis.com x-goog-quota-user=projects/captionizemobile
[debug] [2025-12-16T19:27:28.041Z] >>> [apiv2][query] GET https://serviceusage.googleapis.com/v1/projects/captionizemobile/services/firebaseio.com [none]
[debug] [2025-12-16T19:27:28.042Z] >>> [apiv2][(partial)header] GET https://serviceusage.googleapis.com/v1/projects/captionizemobile/services/firebaseio.com x-goog-quota-user=projects/captionizemobile
[debug] [2025-12-16T19:27:29.001Z] <<< [apiv2][status] GET https://serviceusage.googleapis.com/v1/projects/captionizemobile/services/cloudfunctions.googleapis.com 403
[debug] [2025-12-16T19:27:29.001Z] <<< [apiv2][body] GET https://serviceusage.googleapis.com/v1/projects/captionizemobile/services/cloudfunctions.googleapis.com [omitted]
[debug] [2025-12-16T19:27:29.030Z] <<< [apiv2][status] GET https://serviceusage.googleapis.com/v1/projects/captionizemobile/services/firebaseapphosting.googleapis.com 403
[debug] [2025-12-16T19:27:29.030Z] <<< [apiv2][body] GET https://serviceusage.googleapis.com/v1/projects/captionizemobile/services/firebaseapphosting.googleapis.com [omitted]
[debug] [2025-12-16T19:27:29.043Z] <<< [apiv2][status] GET https://serviceusage.googleapis.com/v1/projects/captionizemobile/services/firebasedataconnect.googleapis.com 403
[debug] [2025-12-16T19:27:29.043Z] <<< [apiv2][body] GET https://serviceusage.googleapis.com/v1/projects/captionizemobile/services/firebasedataconnect.googleapis.com [omitted]
[debug] [2025-12-16T19:27:29.050Z] <<< [apiv2][status] GET https://serviceusage.googleapis.com/v1/projects/captionizemobile/services/firebaseapphosting.googleapis.com 403
[debug] [2025-12-16T19:27:29.051Z] <<< [apiv2][body] GET https://serviceusage.googleapis.com/v1/projects/captionizemobile/services/firebaseapphosting.googleapis.com [omitted]
[debug] [2025-12-16T19:27:29.054Z] <<< [apiv2][status] GET https://serviceusage.googleapis.com/v1/projects/captionizemobile/services/firebaseio.com 403
[debug] [2025-12-16T19:27:29.054Z] <<< [apiv2][body] GET https://serviceusage.googleapis.com/v1/projects/captionizemobile/services/firebaseio.com [omitted]
[error] Failed to fetch Firebase Project from Studio Workspace because WORKSPACE_SLUG environment variable is empty
[error] Failed to fetch Firebase Project from Studio Workspace because WORKSPACE_SLUG environment variable is empty
[error] Failed to fetch Firebase Project from Studio Workspace because WORKSPACE_SLUG environment variable is empty
[debug] [2025-12-16T19:27:29.059Z] > command requires scopes: ["email","openid","https://www.googleapis.com/auth/cloudplatformprojects.readonly","https://www.googleapis.com/auth/firebase","https://www.googleapis.com/auth/cloud-platform","https://www.googleapis.com/auth/userinfo.email"]
[debug] [2025-12-16T19:27:29.063Z] > authorizing via signed-in user (id-monospace-workstations-sa@monospace-6.iam.gserviceaccount.com)
[error] Failed to fetch Firebase Project from Studio Workspace because WORKSPACE_SLUG environment variable is empty
[debug] [2025-12-16T19:27:29.067Z] > command requires scopes: ["email","openid","https://www.googleapis.com/auth/cloudplatformprojects.readonly","https://www.googleapis.com/auth/firebase","https://www.googleapis.com/auth/cloud-platform","https://www.googleapis.com/auth/userinfo.email"]
[debug] [2025-12-16T19:27:29.067Z] > authorizing via signed-in user (id-monospace-workstations-sa@monospace-6.iam.gserviceaccount.com)
[debug] [2025-12-16T19:27:29.075Z] <<< [apiv2][status] GET https://serviceusage.googleapis.com/v1/projects/captionizemobile/services/cloudfunctions.googleapis.com 403
[debug] [2025-12-16T19:27:29.075Z] <<< [apiv2][body] GET https://serviceusage.googleapis.com/v1/projects/captionizemobile/services/cloudfunctions.googleapis.com [omitted]
[debug] [2025-12-16T19:27:29.076Z] <<< [apiv2][status] GET https://serviceusage.googleapis.com/v1/projects/captionizemobile/services/firebasedataconnect.googleapis.com 403
[debug] [2025-12-16T19:27:29.076Z] <<< [apiv2][body] GET https://serviceusage.googleapis.com/v1/projects/captionizemobile/services/firebasedataconnect.googleapis.com [omitted]
[debug] [2025-12-16T19:27:29.107Z] <<< [apiv2][status] GET https://serviceusage.googleapis.com/v1/projects/captionizemobile/services/firebaseio.com 403
[debug] [2025-12-16T19:27:29.107Z] <<< [apiv2][body] GET https://serviceusage.googleapis.com/v1/projects/captionizemobile/services/firebaseio.com [omitted]
[error] Failed to fetch Firebase Project from Studio Workspace because WORKSPACE_SLUG environment variable is empty
[error] Failed to fetch Firebase Project from Studio Workspace because WORKSPACE_SLUG environment variable is empty
[error] Failed to fetch Firebase Project from Studio Workspace because WORKSPACE_SLUG environment variable is empty
[debug] [2025-12-16T19:27:29.129Z] > command requires scopes: ["email","openid","https://www.googleapis.com/auth/cloudplatformprojects.readonly","https://www.googleapis.com/auth/firebase","https://www.googleapis.com/auth/cloud-platform","https://www.googleapis.com/auth/userinfo.email"]
[debug] [2025-12-16T19:27:29.129Z] > authorizing via signed-in user (id-monospace-workstations-sa@monospace-6.iam.gserviceaccount.com)
[error] Failed to fetch Firebase Project from Studio Workspace because WORKSPACE_SLUG environment variable is empty
[debug] [2025-12-16T19:27:29.135Z] > command requires scopes: ["email","openid","https://www.googleapis.com/auth/cloudplatformprojects.readonly","https://www.googleapis.com/auth/firebase","https://www.googleapis.com/auth/cloud-platform","https://www.googleapis.com/auth/userinfo.email"]
[debug] [2025-12-16T19:27:29.135Z] > authorizing via signed-in user (id-monospace-workstations-sa@monospace-6.iam.gserviceaccount.com)
[error] Failed to fetch Firebase Project from Studio Workspace because WORKSPACE_SLUG environment variable is empty
[error] Failed to fetch Firebase Project from Studio Workspace because WORKSPACE_SLUG environment variable is empty
[error] Failed to fetch Firebase Project from Studio Workspace because WORKSPACE_SLUG environment variable is empty
[debug] [2025-12-16T19:27:29.143Z] > command requires scopes: ["email","openid","https://www.googleapis.com/auth/cloudplatformprojects.readonly","https://www.googleapis.com/auth/firebase","https://www.googleapis.com/auth/cloud-platform","https://www.googleapis.com/auth/userinfo.email"]
[debug] [2025-12-16T19:27:29.143Z] > authorizing via signed-in user (id-monospace-workstations-sa@monospace-6.iam.gserviceaccount.com)
[error] Failed to fetch Firebase Project from Studio Workspace because WORKSPACE_SLUG environment variable is empty
[debug] [2025-12-16T19:27:29.145Z] > command requires scopes: ["email","openid","https://www.googleapis.com/auth/cloudplatformprojects.readonly","https://www.googleapis.com/auth/firebase","https://www.googleapis.com/auth/cloud-platform","https://www.googleapis.com/auth/userinfo.email"]
[debug] [2025-12-16T19:27:29.145Z] > authorizing via signed-in user (id-monospace-workstations-sa@monospace-6.iam.gserviceaccount.com)
[error] Failed to fetch Firebase Project from Studio Workspace because WORKSPACE_SLUG environment variable is empty
[error] Failed to fetch Firebase Project from Studio Workspace because WORKSPACE_SLUG environment variable is empty
[error] Failed to fetch Firebase Project from Studio Workspace because WORKSPACE_SLUG environment variable is empty
[error] Failed to fetch Firebase Project from Studio Workspace because WORKSPACE_SLUG environment variable is empty
[debug] [2025-12-17T13:51:13.438Z] > command requires scopes: ["email","openid","https://www.googleapis.com/auth/cloudplatformprojects.readonly","https://www.googleapis.com/auth/firebase","https://www.googleapis.com/auth/cloud-platform","https://www.googleapis.com/auth/userinfo.email"]
[debug] [2025-12-17T13:51:13.440Z] > command requires scopes: ["email","openid","https://www.googleapis.com/auth/cloudplatformprojects.readonly","https://www.googleapis.com/auth/firebase","https://www.googleapis.com/auth/cloud-platform","https://www.googleapis.com/auth/userinfo.email"]
[debug] [2025-12-17T13:51:38.922Z] Running auto auth
[debug] [2025-12-17T13:51:38.923Z] Running auto auth
[debug] [2025-12-17T13:51:38.998Z] No OAuth tokens found
[debug] [2025-12-17T13:51:39.000Z] No OAuth tokens found
[debug] [2025-12-17T13:51:39.025Z] No OAuth tokens found
[debug] [2025-12-17T13:51:39.026Z] No OAuth tokens found
[debug] [2025-12-17T13:51:39.028Z] >>> [apiv2][query] GET https://serviceusage.googleapis.com/v1/projects/captionizemobile/services/firebasedataconnect.googleapis.com [none]
[debug] [2025-12-17T13:51:39.029Z] >>> [apiv2][(partial)header] GET https://serviceusage.googleapis.com/v1/projects/captionizemobile/services/firebasedataconnect.googleapis.com x-goog-quota-user=projects/captionizemobile
[debug] [2025-12-17T13:51:39.051Z] >>> [apiv2][query] GET https://serviceusage.googleapis.com/v1/projects/captionizemobile/services/cloudfunctions.googleapis.com [none]
[debug] [2025-12-17T13:51:39.051Z] >>> [apiv2][(partial)header] GET https://serviceusage.googleapis.com/v1/projects/captionizemobile/services/cloudfunctions.googleapis.com x-goog-quota-user=projects/captionizemobile
[debug] [2025-12-17T13:51:39.053Z] >>> [apiv2][query] GET https://serviceusage.googleapis.com/v1/projects/captionizemobile/services/firebaseapphosting.googleapis.com [none]
[debug] [2025-12-17T13:51:39.053Z] >>> [apiv2][(partial)header] GET https://serviceusage.googleapis.com/v1/projects/captionizemobile/services/firebaseapphosting.googleapis.com x-goog-quota-user=projects/captionizemobile
[debug] [2025-12-17T13:51:39.055Z] >>> [apiv2][query] GET https://serviceusage.googleapis.com/v1/projects/captionizemobile/services/firebaseio.com [none]
[debug] [2025-12-17T13:51:39.055Z] >>> [apiv2][(partial)header] GET https://serviceusage.googleapis.com/v1/projects/captionizemobile/services/firebaseio.com x-goog-quota-user=projects/captionizemobile
[debug] [2025-12-17T13:51:39.081Z] No OAuth tokens found
[debug] [2025-12-17T13:51:39.082Z] No OAuth tokens found
[debug] [2025-12-17T13:51:39.085Z] No OAuth tokens found
[debug] [2025-12-17T13:51:39.085Z] No OAuth tokens found
[debug] [2025-12-17T13:51:39.086Z] >>> [apiv2][query] GET https://serviceusage.googleapis.com/v1/projects/captionizemobile/services/firebasedataconnect.googleapis.com [none]
[debug] [2025-12-17T13:51:39.086Z] >>> [apiv2][(partial)header] GET https://serviceusage.googleapis.com/v1/projects/captionizemobile/services/firebasedataconnect.googleapis.com x-goog-quota-user=projects/captionizemobile
[debug] [2025-12-17T13:51:39.088Z] >>> [apiv2][query] GET https://serviceusage.googleapis.com/v1/projects/captionizemobile/services/cloudfunctions.googleapis.com [none]
[debug] [2025-12-17T13:51:39.088Z] >>> [apiv2][(partial)header] GET https://serviceusage.googleapis.com/v1/projects/captionizemobile/services/cloudfunctions.googleapis.com x-goog-quota-user=projects/captionizemobile
[debug] [2025-12-17T13:51:39.091Z] >>> [apiv2][query] GET https://serviceusage.googleapis.com/v1/projects/captionizemobile/services/firebaseapphosting.googleapis.com [none]
[debug] [2025-12-17T13:51:39.091Z] >>> [apiv2][(partial)header] GET https://serviceusage.googleapis.com/v1/projects/captionizemobile/services/firebaseapphosting.googleapis.com x-goog-quota-user=projects/captionizemobile
[debug] [2025-12-17T13:51:39.094Z] >>> [apiv2][query] GET https://serviceusage.googleapis.com/v1/projects/captionizemobile/services/firebaseio.com [none]
[debug] [2025-12-17T13:51:39.094Z] >>> [apiv2][(partial)header] GET https://serviceusage.googleapis.com/v1/projects/captionizemobile/services/firebaseio.com x-goog-quota-user=projects/captionizemobile
[debug] [2025-12-17T13:51:40.154Z] <<< [apiv2][status] GET https://serviceusage.googleapis.com/v1/projects/captionizemobile/services/firebasedataconnect.googleapis.com 200
[debug] [2025-12-17T13:51:40.154Z] <<< [apiv2][body] GET https://serviceusage.googleapis.com/v1/projects/captionizemobile/services/firebasedataconnect.googleapis.com [omitted]
[debug] [2025-12-17T13:51:40.168Z] <<< [apiv2][status] GET https://serviceusage.googleapis.com/v1/projects/captionizemobile/services/firebaseio.com 403
[debug] [2025-12-17T13:51:40.168Z] <<< [apiv2][body] GET https://serviceusage.googleapis.com/v1/projects/captionizemobile/services/firebaseio.com [omitted]
[debug] [2025-12-17T13:51:40.200Z] <<< [apiv2][status] GET https://serviceusage.googleapis.com/v1/projects/captionizemobile/services/firebaseio.com 403
[debug] [2025-12-17T13:51:40.200Z] <<< [apiv2][body] GET https://serviceusage.googleapis.com/v1/projects/captionizemobile/services/firebaseio.com [omitted]
[debug] [2025-12-17T13:51:40.205Z] <<< [apiv2][status] GET https://serviceusage.googleapis.com/v1/projects/captionizemobile/services/firebaseapphosting.googleapis.com 200
[debug] [2025-12-17T13:51:40.206Z] <<< [apiv2][body] GET https://serviceusage.googleapis.com/v1/projects/captionizemobile/services/firebaseapphosting.googleapis.com [omitted]
[debug] [2025-12-17T13:51:40.212Z] <<< [apiv2][status] GET https://serviceusage.googleapis.com/v1/projects/captionizemobile/services/cloudfunctions.googleapis.com 200
[debug] [2025-12-17T13:51:40.212Z] <<< [apiv2][body] GET https://serviceusage.googleapis.com/v1/projects/captionizemobile/services/cloudfunctions.googleapis.com [omitted]
[error] Failed to fetch Firebase Project from Studio Workspace because WORKSPACE_SLUG environment variable is empty
[error] Failed to fetch Firebase Project from Studio Workspace because WORKSPACE_SLUG environment variable is empty
[error] Failed to fetch Firebase Project from Studio Workspace because WORKSPACE_SLUG environment variable is empty
[debug] [2025-12-17T13:51:40.223Z] > command requires scopes: ["email","openid","https://www.googleapis.com/auth/cloudplatformprojects.readonly","https://www.googleapis.com/auth/firebase","https://www.googleapis.com/auth/cloud-platform","https://www.googleapis.com/auth/userinfo.email"]
[debug] [2025-12-17T13:51:40.223Z] > authorizing via signed-in user (emanakhtar111@gmail.com)
[error] Failed to fetch Firebase Project from Studio Workspace because WORKSPACE_SLUG environment variable is empty
[debug] [2025-12-17T13:51:40.227Z] > command requires scopes: ["email","openid","https://www.googleapis.com/auth/cloudplatformprojects.readonly","https://www.googleapis.com/auth/firebase","https://www.googleapis.com/auth/cloud-platform","https://www.googleapis.com/auth/userinfo.email"]
[debug] [2025-12-17T13:51:40.229Z] > authorizing via signed-in user (emanakhtar111@gmail.com)
[debug] [2025-12-17T13:51:40.249Z] <<< [apiv2][status] GET https://serviceusage.googleapis.com/v1/projects/captionizemobile/services/firebaseapphosting.googleapis.com 200
[debug] [2025-12-17T13:51:40.249Z] <<< [apiv2][body] GET https://serviceusage.googleapis.com/v1/projects/captionizemobile/services/firebaseapphosting.googleapis.com [omitted]
[debug] [2025-12-17T13:51:40.251Z] <<< [apiv2][status] GET https://serviceusage.googleapis.com/v1/projects/captionizemobile/services/cloudfunctions.googleapis.com 200
[debug] [2025-12-17T13:51:40.251Z] <<< [apiv2][body] GET https://serviceusage.googleapis.com/v1/projects/captionizemobile/services/cloudfunctions.googleapis.com [omitted]
[error] Failed to fetch Firebase Project from Studio Workspace because WORKSPACE_SLUG environment variable is empty
[error] Failed to fetch Firebase Project from Studio Workspace because WORKSPACE_SLUG environment variable is empty
[error] Failed to fetch Firebase Project from Studio Workspace because WORKSPACE_SLUG environment variable is empty
[debug] [2025-12-17T13:51:40.273Z] > command requires scopes: ["email","openid","https://www.googleapis.com/auth/cloudplatformprojects.readonly","https://www.googleapis.com/auth/firebase","https://www.googleapis.com/auth/cloud-platform","https://www.googleapis.com/auth/userinfo.email"]
[debug] [2025-12-17T13:51:40.273Z] > authorizing via signed-in user (emanakhtar111@gmail.com)
[error] Failed to fetch Firebase Project from Studio Workspace because WORKSPACE_SLUG environment variable is empty
[debug] [2025-12-17T13:51:40.276Z] > command requires scopes: ["email","openid","https://www.googleapis.com/auth/cloudplatformprojects.readonly","https://www.googleapis.com/auth/firebase","https://www.googleapis.com/auth/cloud-platform","https://www.googleapis.com/auth/userinfo.email"]
[debug] [2025-12-17T13:51:40.277Z] > authorizing via signed-in user (emanakhtar111@gmail.com)
[error] Failed to fetch Firebase Project from Studio Workspace because WORKSPACE_SLUG environment variable is empty
[error] Failed to fetch Firebase Project from Studio Workspace because WORKSPACE_SLUG environment variable is empty
[error] Failed to fetch Firebase Project from Studio Workspace because WORKSPACE_SLUG environment variable is empty
[debug] [2025-12-17T13:51:40.295Z] > command requires scopes: ["email","openid","https://www.googleapis.com/auth/cloudplatformprojects.readonly","https://www.googleapis.com/auth/firebase","https://www.googleapis.com/auth/cloud-platform","https://www.googleapis.com/auth/userinfo.email"]
[debug] [2025-12-17T13:51:40.295Z] > authorizing via signed-in user (emanakhtar111@gmail.com)
[error] Failed to fetch Firebase Project from Studio Workspace because WORKSPACE_SLUG environment variable is empty
[debug] [2025-12-17T13:51:40.297Z] > command requires scopes: ["email","openid","https://www.googleapis.com/auth/cloudplatformprojects.readonly","https://www.googleapis.com/auth/firebase","https://www.googleapis.com/auth/cloud-platform","https://www.googleapis.com/auth/userinfo.email"]
[debug] [2025-12-17T13:51:40.298Z] > authorizing via signed-in user (emanakhtar111@gmail.com)
[debug] [2025-12-17T13:51:40.307Z] <<< [apiv2][status] GET https://serviceusage.googleapis.com/v1/projects/captionizemobile/services/firebasedataconnect.googleapis.com 200
[debug] [2025-12-17T13:51:40.307Z] <<< [apiv2][body] GET https://serviceusage.googleapis.com/v1/projects/captionizemobile/services/firebasedataconnect.googleapis.com [omitted]
[error] Failed to fetch Firebase Project from Studio Workspace because WORKSPACE_SLUG environment variable is empty
[error] Failed to fetch Firebase Project from Studio Workspace because WORKSPACE_SLUG environment variable is empty
[error] Failed to fetch Firebase Project from Studio Workspace because WORKSPACE_SLUG environment variable is empty
[error] Failed to fetch Firebase Project from Studio Workspace because WORKSPACE_SLUG environment variable is empty
[debug] [2025-12-18T06:44:20.735Z] > command requires scopes: ["email","openid","https://www.googleapis.com/auth/cloudplatformprojects.readonly","https://www.googleapis.com/auth/firebase","https://www.googleapis.com/auth/cloud-platform","https://www.googleapis.com/auth/userinfo.email"]
[debug] [2025-12-18T06:44:20.743Z] > command requires scopes: ["email","openid","https://www.googleapis.com/auth/cloudplatformprojects.readonly","https://www.googleapis.com/auth/firebase","https://www.googleapis.com/auth/cloud-platform","https://www.googleapis.com/auth/userinfo.email"]
[debug] [2025-12-18T06:45:01.670Z] No OAuth tokens found
[debug] [2025-12-18T06:45:01.671Z] No OAuth tokens found
[debug] [2025-12-18T06:45:01.671Z] > command requires scopes: ["email","openid","https://www.googleapis.com/auth/cloudplatformprojects.readonly","https://www.googleapis.com/auth/firebase","https://www.googleapis.com/auth/cloud-platform","https://www.googleapis.com/auth/userinfo.email"]
[debug] [2025-12-18T06:45:01.677Z] No OAuth tokens found
[debug] [2025-12-18T06:45:01.678Z] No OAuth tokens found
[debug] [2025-12-18T06:45:01.682Z] > command requires scopes: ["email","openid","https://www.googleapis.com/auth/cloudplatformprojects.readonly","https://www.googleapis.com/auth/firebase","https://www.googleapis.com/auth/cloud-platform","https://www.googleapis.com/auth/userinfo.email"]
[debug] [2025-12-18T06:45:01.700Z] No OAuth tokens found
[debug] [2025-12-18T06:45:01.700Z] No OAuth tokens found
[debug] [2025-12-18T06:45:01.701Z] > command requires scopes: ["email","openid","https://www.googleapis.com/auth/cloudplatformprojects.readonly","https://www.googleapis.com/auth/firebase","https://www.googleapis.com/auth/cloud-platform","https://www.googleapis.com/auth/userinfo.email"]
[debug] [2025-12-18T06:45:01.701Z] No OAuth tokens found
[debug] [2025-12-18T06:45:01.702Z] No OAuth tokens found
[debug] [2025-12-18T06:45:01.702Z] > command requires scopes: ["email","openid","https://www.googleapis.com/auth/cloudplatformprojects.readonly","https://www.googleapis.com/auth/firebase","https://www.googleapis.com/auth/cloud-platform","https://www.googleapis.com/auth/userinfo.email"]
[debug] [2025-12-18T06:45:01.703Z] No OAuth tokens found
[debug] [2025-12-18T06:45:01.703Z] No OAuth tokens found
[debug] [2025-12-18T06:45:01.703Z] > command requires scopes: ["email","openid","https://www.googleapis.com/auth/cloudplatformprojects.readonly","https://www.googleapis.com/auth/firebase","https://www.googleapis.com/auth/cloud-platform","https://www.googleapis.com/auth/userinfo.email"]
[debug] [2025-12-18T06:45:01.704Z] No OAuth tokens found
[debug] [2025-12-18T06:45:01.705Z] No OAuth tokens found
[debug] [2025-12-18T06:45:01.705Z] > command requires scopes: ["email","openid","https://www.googleapis.com/auth/cloudplatformprojects.readonly","https://www.googleapis.com/auth/firebase","https://www.googleapis.com/auth/cloud-platform","https://www.googleapis.com/auth/userinfo.email"]
[debug] [2025-12-18T06:45:01.709Z] No OAuth tokens found
[debug] [2025-12-18T06:45:01.709Z] No OAuth tokens found
[debug] [2025-12-18T06:45:01.709Z] > command requires scopes: ["email","openid","https://www.googleapis.com/auth/cloudplatformprojects.readonly","https://www.googleapis.com/auth/firebase","https://www.googleapis.com/auth/cloud-platform","https://www.googleapis.com/auth/userinfo.email"]
[debug] [2025-12-18T06:45:01.710Z] No OAuth tokens found
[debug] [2025-12-18T06:45:01.710Z] No OAuth tokens found
[debug] [2025-12-18T06:45:01.710Z] > command requires scopes: ["email","openid","https://www.googleapis.com/auth/cloudplatformprojects.readonly","https://www.googleapis.com/auth/firebase","https://www.googleapis.com/auth/cloud-platform","https://www.googleapis.com/auth/userinfo.email"]
[error] Failed to fetch Firebase Project from Studio Workspace because WORKSPACE_SLUG environment variable is empty
[error] Failed to fetch Firebase Project from Studio Workspace because WORKSPACE_SLUG environment variable is empty
[error] Failed to fetch Firebase Project from Studio Workspace because WORKSPACE_SLUG environment variable is empty
[debug] [2025-12-18T06:45:03.899Z] > command requires scopes: ["email","openid","https://www.googleapis.com/auth/cloudplatformprojects.readonly","https://www.googleapis.com/auth/firebase","https://www.googleapis.com/auth/cloud-platform","https://www.googleapis.com/auth/userinfo.email"]
[error] Failed to fetch Firebase Project from Studio Workspace because WORKSPACE_SLUG environment variable is empty
[debug] [2025-12-18T06:45:06.062Z] > command requires scopes: ["email","openid","https://www.googleapis.com/auth/cloudplatformprojects.readonly","https://www.googleapis.com/auth/firebase","https://www.googleapis.com/auth/cloud-platform","https://www.googleapis.com/auth/userinfo.email"]
[error] Failed to fetch Firebase Project from Studio Workspace because WORKSPACE_SLUG environment variable is empty
[error] Failed to fetch Firebase Project from Studio Workspace because WORKSPACE_SLUG environment variable is empty
[error] Failed to fetch Firebase Project from Studio Workspace because WORKSPACE_SLUG environment variable is empty
[debug] [2025-12-18T06:45:06.104Z] > command requires scopes: ["email","openid","https://www.googleapis.com/auth/cloudplatformprojects.readonly","https://www.googleapis.com/auth/firebase","https://www.googleapis.com/auth/cloud-platform","https://www.googleapis.com/auth/userinfo.email"]
[error] Failed to fetch Firebase Project from Studio Workspace because WORKSPACE_SLUG environment variable is empty
[error] Failed to fetch Firebase Project from Studio Workspace because WORKSPACE_SLUG environment variable is empty
[error] Failed to fetch Firebase Project from Studio Workspace because WORKSPACE_SLUG environment variable is empty
[debug] [2025-12-18T06:45:06.110Z] > command requires scopes: ["email","openid","https://www.googleapis.com/auth/cloudplatformprojects.readonly","https://www.googleapis.com/auth/firebase","https://www.googleapis.com/auth/cloud-platform","https://www.googleapis.com/auth/userinfo.email"]
[error] Failed to fetch Firebase Project from Studio Workspace because WORKSPACE_SLUG environment variable is empty
[error] Failed to fetch Firebase Project from Studio Workspace because WORKSPACE_SLUG environment variable is empty
[debug] [2025-12-18T06:45:08.245Z] > command requires scopes: ["email","openid","https://www.googleapis.com/auth/cloudplatformprojects.readonly","https://www.googleapis.com/auth/firebase","https://www.googleapis.com/auth/cloud-platform","https://www.googleapis.com/auth/userinfo.email"]
[debug] [2025-12-18T06:45:08.245Z] > command requires scopes: ["email","openid","https://www.googleapis.com/auth/cloudplatformprojects.readonly","https://www.googleapis.com/auth/firebase","https://www.googleapis.com/auth/cloud-platform","https://www.googleapis.com/auth/userinfo.email"]
